brinnummer_duo,opleidingscode_duo,instellingsnaam_duo,croho_onderdeel_duo,croho_subonderdeel_duo,opleidingsnaam_duo,ho_type,soortopleiding_duo,2015_man_i,2015_vrouw_i,2016_man_i,2016_vrouw_i,2017_man_i,2017_vrouw_i,2018_man_i,2018_vrouw_i,2019_man_i,2019_vrouw_i,2015_tot_i,2016_tot_i,2017_tot_i,2018_tot_i,2019_tot_i,2014_man_d,2014_vrouw_d,2015_man_d,2015_vrouw_d,2016_man_d,2016_vrouw_d,2017_man_d,2017_vrouw_d,2018_man_d,2018_vrouw_d,2014_tot_d,2015_tot_d,2016_tot_d,2017_tot_d,2018_tot_d,gemeentenummer_duo,cluster_sdb,sector_sdb,actieveopleiding_sdb,naamopleidingengels_sdb,eerstejaarsaantal_sdb,studentenaantal_sdb,_merge,tech_keyword,tech_label
00MF,49124,Hogeschool voor de Kunsten Utrecht,sectoroverstijgend,sectoroverstijgend,Crossover Creativity,hbo,master,9.0,11.0,4.0,15.0,12.0,17.0,9.0,16.0,8.0,13.0,20.0,19.0,29.0,25.0,21.0,0.0,0.0,8.0,9.0,2.0,13.0,7.0,10.0,3.0,10.0,0.0,17.0,15.0,17.0,13.0,"['307', '344']",Kunstacademie,Kunst en Cultuur,1.0,Crossover Creativity,28.0,0.0,both,,designer
00MF,39111,Hogeschool voor de Kunsten Utrecht,taal en cultuur,opleidingen op het gebied van de kunst,Vormgeving,hbo,bachelor,98.0,156.0,88.0,176.0,106.0,215.0,93.0,215.0,85.0,178.0,254.0,264.0,321.0,308.0,263.0,99.0,145.0,91.0,146.0,109.0,153.0,102.0,132.0,80.0,131.0,244.0,237.0,262.0,234.0,211.0,"['307', '344']",Kunstacademie,Kunst en Cultuur,0.0,Design,365.0,1224.0,both,design,designer
00MF,30036,Hogeschool voor de Kunsten Utrecht,techniek,n.v.t. (techniek),Creative Media and Game Technologies,hbo,bachelor,63.0,23.0,74.0,43.0,73.0,33.0,68.0,33.0,73.0,45.0,86.0,117.0,106.0,101.0,118.0,85.0,12.0,63.0,15.0,69.0,21.0,60.0,21.0,43.0,20.0,97.0,78.0,90.0,81.0,63.0,"['307', '344']",Game Architecture and Design,Techniek,0.0,Creative Media and Game Technologies,134.0,478.0,both,"creative, media",designer
01VU,34405,Christelijke Hogeschool Windesheim,economie,n.v.t. (economie),Communicatie,hbo,bachelor,18.0,56.0,18.0,70.0,27.0,68.0,16.0,85.0,34.0,109.0,74.0,88.0,95.0,101.0,143.0,17.0,74.0,22.0,86.0,15.0,70.0,20.0,70.0,10.0,57.0,91.0,108.0,85.0,90.0,67.0,"['34', '80', '14', '153', '193', '344']",Communicatie,Taal en Communicatie,1.0,Communication,149.0,484.0,both,,growth
01VU,30020,Christelijke Hogeschool Windesheim,techniek,n.v.t. (techniek),HBO-ICT,hbo,bachelor,321.0,17.0,436.0,19.0,495.0,41.0,515.0,30.0,499.0,35.0,338.0,455.0,536.0,545.0,534.0,145.0,6.0,122.0,4.0,172.0,5.0,221.0,7.0,219.0,13.0,151.0,126.0,177.0,228.0,232.0,"['34', '80', '14', '153', '193', '344']",Informatica,Exact en Informatica,1.0,HBO Information Technology,693.0,2036.0,both,"information, technology",support
01VU,34389,Christelijke Hogeschool Windesheim,techniek,n.v.t. (techniek),Industrieel Product Ontwerpen,hbo,bachelor,43.0,17.0,42.0,27.0,39.0,17.0,31.0,12.0,43.0,19.0,60.0,69.0,56.0,43.0,62.0,39.0,7.0,36.0,8.0,39.0,8.0,29.0,12.0,23.0,12.0,46.0,44.0,47.0,41.0,35.0,"['34', '80', '14', '153', '193', '344']",Industrieel Produkt Ontwerpen,Techniek,1.0,Industrial Design Engineering,69.0,251.0,both,"design, engineer",designer
01VU,80071,Christelijke Hogeschool Windesheim,techniek,n.v.t. (techniek),ICT-Beheer,hbo,associate degree,4.0,0.0,5.0,0.0,11.0,1.0,1.0,0.0,0.0,0.0,4.0,5.0,12.0,1.0,0.0,1.0,,1.0,,2.0,,1.0,,1.0,,1.0,1.0,2.0,1.0,1.0,"['34', '80', '14', '153', '193', '344']",,,1.0,ICT-Beheer,1.0,1.0,left_only,ict,support
01VU,80130,Christelijke Hogeschool Windesheim,techniek,n.v.t. (techniek),Software Development,hbo,associate degree,0.0,0.0,0.0,0.0,76.0,6.0,58.0,6.0,58.0,12.0,0.0,0.0,82.0,64.0,70.0,0.0,0.0,0.0,0.0,0.0,0.0,10.0,0.0,35.0,2.0,0.0,0.0,0.0,10.0,37.0,"['34', '80', '14', '153', '193', '344']",Informatica,Exact en Informatica,1.0,Software Development,65.0,118.0,both,software,developer
02NT,39111,Design Academy Eindhoven,taal en cultuur,opleidingen op het gebied van de kunst,Vormgeving,hbo,bachelor,49.0,90.0,46.0,71.0,54.0,78.0,44.0,96.0,65.0,75.0,139.0,117.0,132.0,140.0,140.0,46.0,52.0,59.0,73.0,45.0,66.0,55.0,80.0,39.0,83.0,98.0,132.0,111.0,135.0,122.0,['772'],Kunstacademie,Kunst en Cultuur,1.0,Design,150.0,540.0,both,design,designer
07GR,34405,Avans Hogeschool,economie,n.v.t. (economie),Communicatie,hbo,bachelor,13.0,37.0,15.0,50.0,21.0,78.0,12.0,70.0,15.0,90.0,50.0,65.0,99.0,82.0,105.0,6.0,23.0,7.0,45.0,16.0,76.0,22.0,72.0,10.0,46.0,29.0,52.0,92.0,94.0,56.0,"['758', '796', '855', '1674']",Communicatie,Taal en Communicatie,1.0,Communication,120.0,405.0,both,,growth
07GR,39118,Avans Hogeschool,economie,n.v.t. (economie),Business IT & Management,hbo,bachelor,79.0,6.0,101.0,8.0,82.0,8.0,88.0,10.0,80.0,6.0,85.0,109.0,90.0,98.0,86.0,53.0,0.0,56.0,2.0,46.0,6.0,51.0,5.0,77.0,5.0,53.0,58.0,52.0,56.0,82.0,"['758', '796', '855', '1674']",Informatiekunde,Exact en Informatica,1.0,Business IT & Management,144.0,495.0,both,,support
07GR,80036,Avans Hogeschool,economie,n.v.t. (economie),Marketing Management,hbo,associate degree,17.0,8.0,36.0,24.0,107.0,55.0,128.0,52.0,123.0,54.0,25.0,60.0,162.0,180.0,177.0,9.0,8.0,6.0,4.0,13.0,7.0,28.0,19.0,40.0,24.0,17.0,10.0,20.0,47.0,64.0,"['758', '796', '855', '1674']",Commerciële economie,Economie en Bedrijf,1.0,Marketing Management,184.0,273.0,both,marketing,growth
07GR,80139,Avans Hogeschool,economie,n.v.t. (economie),Communicatie,hbo,associate degree,0.0,0.0,0.0,0.0,0.0,0.0,23.0,71.0,20.0,100.0,0.0,0.0,0.0,94.0,120.0,0.0,0.0,0.0,0.0,0.0,0.0,0.0,6.0,7.0,16.0,0.0,0.0,0.0,6.0,23.0,"['758', '796', '855', '1674']",Communicatie,Taal en Communicatie,1.0,Communication,97.0,119.0,both,,growth
07GR,39111,Avans Hogeschool,taal en cultuur,opleidingen op het gebied van de kunst,Vormgeving,hbo,bachelor,48.0,148.0,52.0,171.0,55.0,136.0,68.0,134.0,38.0,133.0,196.0,223.0,191.0,202.0,171.0,60.0,104.0,47.0,78.0,52.0,123.0,48.0,112.0,47.0,98.0,164.0,125.0,175.0,160.0,145.0,"['758', '796', '855', '1674']",Kunstacademie,Kunst en Cultuur,1.0,Design,234.0,779.0,both,design,designer
07GR,30026,Avans Hogeschool,techniek,n.v.t. (techniek),Mechatronica,hbo,bachelor,56.0,0.0,80.0,1.0,71.0,2.0,101.0,3.0,96.0,3.0,56.0,81.0,73.0,104.0,99.0,41.0,0.0,37.0,1.0,33.0,0.0,27.0,0.0,26.0,0.0,41.0,38.0,33.0,27.0,26.0,"['758', '796', '855', '1674']",Mechatronica,Techniek,1.0,Mechatronics,131.0,328.0,both,,designer
07GR,34092,Avans Hogeschool,techniek,n.v.t. (techniek),Communication and Multimedia Design,hbo,bachelor,86.0,66.0,130.0,87.0,140.0,130.0,146.0,148.0,115.0,129.0,152.0,217.0,270.0,294.0,244.0,127.0,55.0,124.0,62.0,105.0,76.0,93.0,74.0,102.0,58.0,182.0,186.0,181.0,167.0,160.0,"['758', '796', '855', '1674']",Mediastudies,Taal en Communicatie,1.0,Communication & Multimedia Design,415.0,1218.0,both,"multimedia, design",designer
07GR,34475,Avans Hogeschool,techniek,n.v.t. (techniek),Technische Informatica,hbo,bachelor,51.0,1.0,64.0,4.0,97.0,6.0,94.0,7.0,105.0,2.0,52.0,68.0,103.0,101.0,107.0,32.0,1.0,29.0,0.0,33.0,0.0,47.0,0.0,33.0,0.0,33.0,29.0,33.0,47.0,33.0,"['758', '796', '855', '1674']",Informatica,Exact en Informatica,1.0,Computer Science,125.0,322.0,both,computer science,developer
07GR,34479,Avans Hogeschool,techniek,n.v.t. (techniek),Informatica,hbo,bachelor,211.0,10.0,327.0,12.0,375.0,23.0,342.0,26.0,311.0,18.0,221.0,339.0,398.0,368.0,329.0,120.0,3.0,104.0,7.0,133.0,6.0,119.0,5.0,123.0,6.0,123.0,111.0,139.0,124.0,129.0,"['758', '796', '855', '1674']",Informatica,Exact en Informatica,1.0,Information Technology,499.0,1417.0,both,"information, technology",developer
07GR,80075,Avans Hogeschool,techniek,n.v.t. (techniek),Informatica,hbo,associate degree,0.0,0.0,0.0,0.0,16.0,1.0,57.0,8.0,74.0,10.0,0.0,0.0,17.0,65.0,84.0,0.0,0.0,0.0,0.0,0.0,0.0,0.0,0.0,10.0,1.0,0.0,0.0,0.0,0.0,11.0,"['758', '796', '855', '1674']",Technische natuurkunde,Exact en Informatica,1.0,Information Technology,66.0,78.0,both,"information, technology",developer
07GR,80158,Avans Hogeschool,techniek,n.v.t. (techniek),Mechatronica,hbo,associate degree,0.0,0.0,0.0,0.0,0.0,0.0,0.0,0.0,24.0,1.0,0.0,0.0,0.0,0.0,25.0,,,,,,,,,,,,,,,,"['758', '796', '855', '1674']",Mechatronica,Techniek,1.0,Mechatronics,0.0,0.0,both,,designer
21MI,34405,HZ University of Applied Sciences,economie,n.v.t. (economie),Communicatie,hbo,bachelor,9.0,18.0,5.0,17.0,11.0,9.0,7.0,19.0,7.0,12.0,27.0,22.0,20.0,26.0,19.0,9.0,17.0,3.0,23.0,11.0,22.0,11.0,17.0,7.0,21.0,26.0,26.0,33.0,28.0,28.0,"['1674', '687', '718']",Communicatie,Taal en Communicatie,1.0,Communication,33.0,113.0,both,,growth
21MI,30020,HZ University of Applied Sciences,techniek,n.v.t. (techniek),HBO-ICT,hbo,bachelor,29.0,0.0,48.0,4.0,36.0,5.0,36.0,4.0,41.0,4.0,29.0,52.0,41.0,40.0,45.0,22.0,0.0,23.0,2.0,21.0,0.0,21.0,1.0,22.0,1.0,22.0,25.0,21.0,22.0,23.0,"['1674', '687', '718']",Informatica,Exact en Informatica,1.0,Information & Communication Technology,52.0,177.0,both,"information, technology",support
21RI,34405,Hogeschool Leiden,economie,n.v.t. (economie),Communicatie,hbo,bachelor,18.0,76.0,16.0,72.0,18.0,83.0,15.0,81.0,25.0,106.0,94.0,88.0,101.0,96.0,131.0,7.0,59.0,13.0,58.0,20.0,72.0,14.0,57.0,13.0,47.0,66.0,71.0,92.0,71.0,60.0,['546'],Communicatie,Taal en Communicatie,1.0,Communication,132.0,423.0,both,,growth
21RI,34479,Hogeschool Leiden,techniek,n.v.t. (techniek),Informatica,hbo,bachelor,152.0,15.0,197.0,25.0,170.0,27.0,219.0,36.0,189.0,20.0,167.0,222.0,197.0,255.0,209.0,41.0,1.0,41.0,1.0,55.0,7.0,63.0,2.0,69.0,9.0,42.0,42.0,62.0,65.0,78.0,['546'],Informatica,Exact en Informatica,1.0,Information Technology,350.0,933.0,both,"information, technology",developer
21RI,39215,Hogeschool Leiden,techniek,n.v.t. (techniek),Bio-informatica,hbo,bachelor,59.0,25.0,54.0,37.0,31.0,25.0,35.0,27.0,33.0,26.0,84.0,91.0,56.0,62.0,59.0,8.0,3.0,8.0,2.0,14.0,8.0,16.0,10.0,26.0,9.0,11.0,10.0,22.0,26.0,35.0,['546'],Informatica,Exact en Informatica,1.0,Bio-informatics,77.0,243.0,both,,developer
21UI,35516,Breda University of Applied Sciences,economie,n.v.t. (economie),Creative Business,hbo,bachelor,74.0,105.0,72.0,115.0,75.0,98.0,53.0,106.0,58.0,115.0,179.0,187.0,173.0,159.0,173.0,54.0,71.0,44.0,74.0,56.0,95.0,46.0,63.0,55.0,97.0,125.0,118.0,151.0,109.0,152.0,"['758', '402']",Informatiestudies,Taal en Communicatie,1.0,Creative Business,181.0,829.0,both,creative,growth
21UI,49121,Breda University of Applied Sciences,economie,n.v.t. (economie),Professional Master in Media Innovation,hbo,master,29.0,21.0,24.0,24.0,22.0,15.0,7.0,17.0,16.0,27.0,50.0,48.0,37.0,24.0,43.0,0.0,5.0,18.0,15.0,9.0,19.0,20.0,18.0,9.0,12.0,5.0,33.0,28.0,38.0,21.0,"['758', '402']",Mediastudies,Taal en Communicatie,1.0,Professional Master in Media Innovation,17.0,0.0,both,media,growth
21UI,30036,Breda University of Applied Sciences,techniek,n.v.t. (techniek),Creative Media and Game Technologies,hbo,bachelor,121.0,37.0,133.0,31.0,135.0,36.0,122.0,36.0,108.0,50.0,158.0,164.0,171.0,158.0,158.0,74.0,6.0,104.0,19.0,156.0,23.0,138.0,32.0,122.0,33.0,80.0,123.0,179.0,170.0,155.0,"['758', '402']",Game Architecture and Design,Techniek,1.0,Creative Media and Game Technologies,177.0,707.0,both,"creative, media",designer
21UI,49120,Breda University of Applied Sciences,techniek,n.v.t. (techniek),Game Technology,hbo,master,9.0,1.0,8.0,0.0,9.0,1.0,4.0,5.0,8.0,0.0,10.0,8.0,10.0,9.0,8.0,13.0,2.0,8.0,1.0,9.0,0.0,5.0,0.0,5.0,4.0,15.0,9.0,9.0,5.0,9.0,"['758', '402']",Game Architecture and Design,Techniek,1.0,Game Technology,9.0,0.0,both,technology,developer
22OJ,34405,Hogeschool Rotterdam,economie,n.v.t. (economie),Communicatie,hbo,bachelor,28.0,71.0,24.0,105.0,29.0,109.0,26.0,109.0,19.0,105.0,99.0,129.0,138.0,135.0,124.0,48.0,155.0,61.0,160.0,42.0,133.0,34.0,114.0,31.0,91.0,203.0,221.0,175.0,148.0,122.0,['599'],Communicatie,Taal en Communicatie,1.0,Communication,206.0,728.0,both,,growth
22OJ,39118,Hogeschool Rotterdam,economie,n.v.t. (economie),Business IT & Management,hbo,bachelor,82.0,11.0,77.0,14.0,142.0,19.0,141.0,23.0,145.0,25.0,93.0,91.0,161.0,164.0,170.0,35.0,3.0,38.0,6.0,44.0,7.0,41.0,7.0,58.0,11.0,38.0,44.0,51.0,48.0,69.0,['599'],Informatiekunde,Exact en Informatica,1.0,Business IT & Management,247.0,696.0,both,,support
22OJ,39111,Hogeschool Rotterdam,taal en cultuur,opleidingen op het gebied van de kunst,Vormgeving,hbo,bachelor,56.0,143.0,91.0,197.0,77.0,184.0,85.0,206.0,119.0,273.0,199.0,288.0,261.0,291.0,392.0,85.0,151.0,88.0,141.0,65.0,151.0,81.0,130.0,48.0,120.0,236.0,229.0,216.0,211.0,168.0,['599'],Kunstacademie,Kunst en Cultuur,1.0,Design,342.0,1113.0,both,design,designer
22OJ,49098,Hogeschool Rotterdam,taal en cultuur,voortgezette kunstopleidingen,Master Design,hbo,master,0.0,0.0,14.0,11.0,6.0,5.0,6.0,4.0,1.0,6.0,0.0,25.0,11.0,10.0,7.0,0.0,0.0,2.0,0.0,4.0,3.0,5.0,6.0,7.0,3.0,0.0,2.0,7.0,11.0,10.0,['599'],Ontwerpen,Kunst en Cultuur,1.0,Master Design,9.0,0.0,both,design,designer
22OJ,30036,Hogeschool Rotterdam,techniek,n.v.t. (techniek),Creative Media and Game Technologies,hbo,bachelor,70.0,5.0,42.0,7.0,61.0,10.0,39.0,10.0,47.0,12.0,75.0,49.0,71.0,49.0,59.0,24.0,3.0,30.0,3.0,42.0,4.0,47.0,3.0,50.0,2.0,27.0,33.0,46.0,50.0,52.0,['599'],Game Architecture and Design,Techniek,1.0,Creative Media and Game Technologies,79.0,281.0,both,"creative, media",designer
22OJ,34092,Hogeschool Rotterdam,techniek,n.v.t. (techniek),Communication and Multimedia Design,hbo,bachelor,62.0,41.0,56.0,68.0,60.0,79.0,54.0,66.0,34.0,49.0,103.0,124.0,139.0,120.0,83.0,44.0,28.0,29.0,31.0,48.0,35.0,49.0,43.0,44.0,35.0,72.0,60.0,83.0,92.0,79.0,['599'],Mediastudies,Taal en Communicatie,1.0,Communication & Multimedia Design,169.0,616.0,both,"multimedia, design",designer
22OJ,34389,Hogeschool Rotterdam,techniek,n.v.t. (techniek),Industrieel Product Ontwerpen,hbo,bachelor,50.0,24.0,49.0,23.0,49.0,17.0,53.0,33.0,54.0,29.0,74.0,72.0,66.0,86.0,83.0,26.0,8.0,30.0,12.0,32.0,10.0,22.0,15.0,49.0,8.0,34.0,42.0,42.0,37.0,57.0,['599'],Industrieel Produkt Ontwerpen,Techniek,1.0,Industrial Design Engineering,93.0,334.0,both,"design, engineer",designer
22OJ,34475,Hogeschool Rotterdam,techniek,n.v.t. (techniek),Technische Informatica,hbo,bachelor,39.0,0.0,57.0,2.0,64.0,7.0,89.0,5.0,97.0,6.0,39.0,59.0,71.0,94.0,103.0,15.0,0.0,21.0,1.0,18.0,0.0,20.0,0.0,27.0,0.0,15.0,22.0,18.0,20.0,27.0,['599'],Informatica,Exact en Informatica,1.0,Computer Science,110.0,324.0,both,computer science,developer
22OJ,34479,Hogeschool Rotterdam,techniek,n.v.t. (techniek),Informatica,hbo,bachelor,207.0,14.0,245.0,19.0,228.0,26.0,195.0,20.0,175.0,21.0,221.0,264.0,254.0,215.0,196.0,44.0,7.0,61.0,1.0,55.0,4.0,65.0,3.0,72.0,4.0,51.0,62.0,59.0,68.0,76.0,['599'],Informatica,Exact en Informatica,1.0,Information Technology,323.0,909.0,both,"information, technology",developer
22OJ,80083,Hogeschool Rotterdam,techniek,n.v.t. (techniek),ICT Service Management,hbo,associate degree,62.0,9.0,73.0,3.0,114.0,2.0,86.0,8.0,68.0,4.0,71.0,76.0,116.0,94.0,72.0,23.0,1.0,17.0,1.0,18.0,1.0,31.0,4.0,38.0,3.0,24.0,18.0,19.0,35.0,41.0,['599'],Informatica,Exact en Informatica,1.0,ICT Service Management,95.0,243.0,both,ict,support
22OJ,80155,Hogeschool Rotterdam,techniek,n.v.t. (techniek),ICT Internet of Things,hbo,associate degree,0.0,0.0,0.0,0.0,0.0,0.0,0.0,0.0,15.0,2.0,0.0,0.0,0.0,0.0,17.0,,,,,,,,,,,,,,,,['599'],Informatica,Exact en Informatica,1.0,ICT Internet of Things,0.0,0.0,both,ict,support
23AH,35516,Saxion Hogeschool,economie,n.v.t. (economie),Creative Business,hbo,bachelor,58.0,81.0,36.0,104.0,35.0,89.0,78.0,119.0,89.0,179.0,139.0,140.0,124.0,197.0,268.0,16.0,58.0,26.0,65.0,29.0,58.0,31.0,69.0,29.0,77.0,74.0,91.0,87.0,100.0,106.0,"['200', '150', '153']",Informatiestudies,Taal en Communicatie,1.0,Creative Business,265.0,727.0,both,creative,growth
23AH,80014,Saxion Hogeschool,economie,n.v.t. (economie),Business IT & Management,hbo,associate degree,0.0,,1.0,,1.0,,0.0,,0.0,,0.0,1.0,1.0,0.0,0.0,4.0,,2.0,,0.0,,0.0,,0.0,,4.0,2.0,0.0,0.0,0.0,"['200', '150', '153']",,,1.0,Business IT & Management,0.0,0.0,left_only,,support
23AH,30020,Saxion Hogeschool,techniek,n.v.t. (techniek),HBO-ICT,hbo,bachelor,248.0,16.0,265.0,10.0,276.0,23.0,257.0,23.0,205.0,23.0,264.0,275.0,299.0,280.0,228.0,93.0,1.0,94.0,6.0,129.0,6.0,126.0,9.0,140.0,8.0,94.0,100.0,135.0,135.0,148.0,"['200', '150', '153']",Informatica,Exact en Informatica,1.0,Information & Communication Technology,358.0,1169.0,both,"information, technology",support
23AH,30026,Saxion Hogeschool,techniek,n.v.t. (techniek),Mechatronica,hbo,bachelor,47.0,1.0,53.0,3.0,64.0,5.0,72.0,3.0,106.0,3.0,48.0,56.0,69.0,75.0,109.0,10.0,0.0,24.0,0.0,28.0,0.0,23.0,1.0,25.0,0.0,10.0,24.0,28.0,24.0,25.0,"['200', '150', '153']",Mechatronica,Techniek,1.0,Mechatronics,90.0,238.0,both,,designer
23AH,30036,Saxion Hogeschool,techniek,n.v.t. (techniek),Creative Media and Game Technologies,hbo,bachelor,138.0,72.0,82.0,69.0,139.0,75.0,100.0,54.0,116.0,56.0,210.0,151.0,214.0,154.0,172.0,81.0,58.0,71.0,47.0,85.0,41.0,76.0,45.0,99.0,40.0,139.0,118.0,126.0,121.0,139.0,"['200', '150', '153']",Game Architecture and Design,Techniek,1.0,Creative Media and Game Technologies,193.0,822.0,both,"creative, media",designer
23AH,34389,Saxion Hogeschool,techniek,n.v.t. (techniek),Industrieel Product Ontwerpen,hbo,bachelor,27.0,7.0,24.0,19.0,24.0,14.0,35.0,22.0,30.0,15.0,34.0,43.0,38.0,57.0,45.0,12.0,5.0,17.0,8.0,27.0,9.0,28.0,12.0,23.0,6.0,17.0,25.0,36.0,40.0,29.0,"['200', '150', '153']",Industrieel Produkt Ontwerpen,Techniek,1.0,Industrial Design Engineering,75.0,216.0,both,"design, engineer",designer
23AH,34475,Saxion Hogeschool,techniek,n.v.t. (techniek),Technische Informatica,hbo,bachelor,25.0,0.0,27.0,6.0,45.0,6.0,56.0,4.0,57.0,5.0,25.0,33.0,51.0,60.0,62.0,16.0,,9.0,,17.0,,19.0,,9.0,,16.0,9.0,17.0,19.0,9.0,"['200', '150', '153']",Informatica,Exact en Informatica,1.0,Computer Science,77.0,185.0,both,computer science,developer
23AH,49128,Saxion Hogeschool,techniek,n.v.t. (techniek),Innovative Textile Development,hbo,master,0.0,0.0,0.0,9.0,0.0,15.0,3.0,4.0,5.0,7.0,0.0,9.0,15.0,7.0,12.0,,0.0,,0.0,,0.0,,6.0,,13.0,0.0,0.0,0.0,6.0,13.0,"['200', '150', '153']",Industrieel Produkt Ontwerpen,Techniek,1.0,Innovative Textile Development,7.0,23.0,both,,designer
23KJ,39111,Hogeschool der Kunsten Den Haag,taal en cultuur,opleidingen op het gebied van de kunst,Vormgeving,hbo,bachelor,40.0,103.0,39.0,95.0,50.0,104.0,55.0,109.0,44.0,104.0,143.0,134.0,154.0,164.0,148.0,41.0,67.0,39.0,74.0,22.0,73.0,37.0,68.0,38.0,85.0,108.0,113.0,95.0,105.0,123.0,['518'],Kunstacademie,Kunst en Cultuur,1.0,Design,181.0,570.0,both,design,designer
23KJ,49106,Hogeschool der Kunsten Den Haag,taal en cultuur,voortgezette kunstopleidingen,Type and Media,hbo,master,7.0,5.0,8.0,4.0,5.0,7.0,8.0,4.0,7.0,5.0,12.0,12.0,12.0,12.0,12.0,10.0,3.0,7.0,5.0,7.0,3.0,6.0,6.0,8.0,4.0,13.0,12.0,10.0,12.0,12.0,['518'],Kunstacademie,Kunst en Cultuur,1.0,Type and Media,12.0,0.0,both,media,designer
25BA,34405,Christelijke Hogeschool Ede,economie,n.v.t. (economie),Communicatie,hbo,bachelor,16.0,25.0,16.0,32.0,17.0,33.0,17.0,51.0,11.0,48.0,41.0,48.0,50.0,68.0,59.0,25.0,40.0,19.0,28.0,19.0,35.0,8.0,46.0,18.0,28.0,65.0,47.0,54.0,54.0,46.0,"['228', '505']",Communicatie,Taal en Communicatie,1.0,Communication,86.0,273.0,both,,growth
25BA,30020,Christelijke Hogeschool Ede,techniek,n.v.t. (techniek),HBO-ICT,hbo,bachelor,0.0,0.0,0.0,0.0,0.0,0.0,23.0,0.0,33.0,2.0,0.0,0.0,0.0,23.0,35.0,,,,,,,,,,,,,,,,"['228', '505']",Informatica,Exact en Informatica,1.0,Information & Communication Technology,46.0,46.0,both,"information, technology",support
25BA,80083,Christelijke Hogeschool Ede,techniek,n.v.t. (techniek),ICT Service Management,hbo,associate degree,0.0,,0.0,,0.0,,10.0,,9.0,,0.0,0.0,0.0,10.0,9.0,,,,,,,,,,,,,,,,"['228', '505']",Informatica,Exact en Informatica,1.0,ICT Service Management,11.0,11.0,both,ict,support
25BE,34405,Hanzehogeschool Groningen,economie,n.v.t. (economie),Communicatie,hbo,bachelor,41.0,114.0,47.0,156.0,51.0,184.0,58.0,182.0,62.0,204.0,155.0,203.0,235.0,240.0,266.0,28.0,125.0,27.0,124.0,36.0,142.0,44.0,134.0,42.0,100.0,153.0,151.0,178.0,178.0,142.0,"['106', '80', '14', '363']",Communicatie,Taal en Communicatie,1.0,Communication,338.0,1004.0,both,,growth
25BE,39111,Hanzehogeschool Groningen,taal en cultuur,opleidingen op het gebied van de kunst,Vormgeving,hbo,bachelor,19.0,53.0,26.0,63.0,10.0,55.0,31.0,78.0,8.0,76.0,72.0,89.0,65.0,109.0,84.0,23.0,56.0,16.0,47.0,12.0,45.0,20.0,43.0,22.0,62.0,79.0,63.0,57.0,63.0,84.0,"['106', '80', '14', '363']",Kunstacademie,Kunst en Cultuur,1.0,Design,124.0,382.0,both,design,designer
25BE,30020,Hanzehogeschool Groningen,techniek,n.v.t. (techniek),HBO-ICT,hbo,bachelor,192.0,8.0,264.0,13.0,270.0,14.0,204.0,15.0,198.0,11.0,200.0,277.0,284.0,219.0,209.0,93.0,1.0,65.0,2.0,62.0,1.0,92.0,3.0,97.0,6.0,94.0,67.0,63.0,95.0,103.0,"['106', '80', '14', '363']",Informatica,Exact en Informatica,1.0,Information & Communication Technology,304.0,1032.0,both,"information, technology",support
25BE,34092,Hanzehogeschool Groningen,techniek,n.v.t. (techniek),Communication and Multimedia Design,hbo,bachelor,150.0,75.0,184.0,106.0,223.0,113.0,207.0,99.0,202.0,97.0,225.0,290.0,336.0,306.0,299.0,70.0,29.0,61.0,23.0,64.0,23.0,92.0,55.0,77.0,40.0,99.0,84.0,87.0,147.0,117.0,"['106', '80', '14', '363']",Mediastudies,Taal en Communicatie,1.0,Communication & Multimedia Design,394.0,1322.0,both,"multimedia, design",designer
25BE,34389,Hanzehogeschool Groningen,techniek,n.v.t. (techniek),Industrieel Product Ontwerpen,hbo,bachelor,24.0,18.0,45.0,15.0,38.0,16.0,31.0,15.0,25.0,15.0,42.0,60.0,54.0,46.0,40.0,24.0,3.0,19.0,1.0,28.0,5.0,23.0,9.0,23.0,13.0,27.0,20.0,33.0,32.0,36.0,"['106', '80', '14', '363']",Industrieel Produkt Ontwerpen,Techniek,1.0,Industrial Design Engineering,59.0,240.0,both,"design, engineer",designer
25BE,39215,Hanzehogeschool Groningen,techniek,n.v.t. (techniek),Bio-informatica,hbo,bachelor,26.0,5.0,23.0,7.0,32.0,16.0,29.0,15.0,17.0,4.0,31.0,30.0,48.0,44.0,21.0,10.0,1.0,7.0,7.0,14.0,6.0,11.0,1.0,10.0,3.0,11.0,14.0,20.0,12.0,13.0,"['106', '80', '14', '363']",Informatica,Exact en Informatica,1.0,Bio-informatics,63.0,153.0,both,,developer
25BE,40015,Hanzehogeschool Groningen,techniek,n.v.t. (techniek),Smart Systems Engineering,hbo,master,5.0,2.0,8.0,1.0,6.0,0.0,5.0,2.0,11.0,4.0,7.0,9.0,6.0,7.0,15.0,0.0,0.0,4.0,2.0,4.0,1.0,5.0,0.0,7.0,2.0,0.0,6.0,5.0,5.0,9.0,"['106', '80', '14', '363']",Elektrotechniek,Techniek,1.0,Smart Systems Engineering,7.0,11.0,both,engineer,developer
25BE,49300,Hanzehogeschool Groningen,techniek,n.v.t. (techniek),Data Science for Life Sciences,hbo,master,0.0,0.0,0.0,0.0,0.0,0.0,0.0,0.0,11.0,9.0,0.0,0.0,0.0,0.0,20.0,,,,,,,,,,,,,,,,"['106', '80', '14', '363']",Informatica,Exact en Informatica,1.0,Data Science for Life Sciences,0.0,0.0,both,data,data
25DW,34405,Hogeschool Utrecht,economie,n.v.t. (economie),Communicatie,hbo,bachelor,40.0,108.0,29.0,111.0,43.0,130.0,35.0,109.0,25.0,132.0,148.0,140.0,173.0,144.0,157.0,26.0,126.0,31.0,86.0,26.0,88.0,17.0,81.0,29.0,82.0,152.0,117.0,114.0,98.0,111.0,"['363', '307', '344', '518', '599']",,,1.0,Communicatie,144.0,144.0,left_only,,growth
25DW,35516,Hogeschool Utrecht,economie,n.v.t. (economie),Creative Business,hbo,bachelor,95.0,199.0,62.0,146.0,46.0,156.0,67.0,192.0,99.0,193.0,294.0,208.0,202.0,259.0,292.0,84.0,132.0,80.0,144.0,102.0,163.0,85.0,155.0,95.0,163.0,216.0,224.0,265.0,240.0,258.0,"['363', '307', '344', '518', '599']",Informatiestudies,Taal en Communicatie,1.0,Creative Business,379.0,1308.0,both,creative,growth
25DW,49297,Hogeschool Utrecht,economie,n.v.t. (economie),Data-driven Design,hbo,master,0.0,0.0,0.0,0.0,0.0,0.0,13.0,9.0,10.0,11.0,0.0,0.0,0.0,22.0,21.0,0.0,0.0,0.0,0.0,0.0,0.0,0.0,0.0,8.0,8.0,0.0,0.0,0.0,0.0,16.0,"['363', '307', '344', '518', '599']",,,1.0,Data-driven Design,22.0,22.0,left_only,"data, design",data
25DW,30020,Hogeschool Utrecht,techniek,n.v.t. (techniek),HBO-ICT,hbo,bachelor,345.0,10.0,347.0,26.0,365.0,17.0,455.0,36.0,431.0,32.0,355.0,373.0,382.0,491.0,463.0,156.0,4.0,168.0,5.0,179.0,10.0,207.0,8.0,221.0,5.0,160.0,173.0,189.0,215.0,226.0,"['363', '307', '344', '518', '599']",Informatica,Exact en Informatica,1.0,HBO Information Technology,657.0,1791.0,both,"information, technology",support
25DW,34092,Hogeschool Utrecht,techniek,n.v.t. (techniek),Communication and Multimedia Design,hbo,bachelor,69.0,92.0,84.0,130.0,49.0,101.0,84.0,172.0,93.0,135.0,161.0,214.0,150.0,256.0,228.0,63.0,68.0,92.0,89.0,46.0,74.0,48.0,84.0,45.0,66.0,131.0,181.0,120.0,132.0,111.0,"['363', '307', '344', '518', '599']",Mediastudies,Taal en Communicatie,1.0,Communication & Multimedia Design,378.0,1008.0,both,"multimedia, design",designer
25DW,49144,Hogeschool Utrecht,techniek,n.v.t. (techniek),Next Level Engineering,hbo,master,0.0,0.0,0.0,0.0,0.0,0.0,0.0,0.0,13.0,2.0,0.0,0.0,0.0,0.0,15.0,,,,,,,,,,,,,,,,"['363', '307', '344', '518', '599']",,,1.0,Next Level Engineering,0.0,0.0,left_only,engineer,data
25JX,39111,Zuyd Hogeschool,taal en cultuur,opleidingen op het gebied van de kunst,Vormgeving,hbo,bachelor,21.0,47.0,17.0,52.0,22.0,65.0,11.0,64.0,18.0,67.0,68.0,69.0,87.0,75.0,85.0,23.0,52.0,11.0,52.0,8.0,35.0,8.0,44.0,13.0,40.0,75.0,63.0,43.0,52.0,53.0,"['917', '935', '1883']",Kunstacademie,Kunst en Cultuur,1.0,Design,100.0,334.0,both,design,designer
25JX,30020,Zuyd Hogeschool,techniek,n.v.t. (techniek),HBO-ICT,hbo,bachelor,118.0,7.0,134.0,9.0,125.0,14.0,152.0,10.0,107.0,6.0,125.0,143.0,139.0,162.0,113.0,105.0,10.0,141.0,5.0,95.0,5.0,59.0,4.0,101.0,7.0,115.0,146.0,100.0,63.0,108.0,"['917', '935', '1883']",Informatica,Exact en Informatica,1.0,Information & Communication Technology,191.0,627.0,both,"information, technology",support
25JX,34092,Zuyd Hogeschool,techniek,n.v.t. (techniek),Communication and Multimedia Design,hbo,bachelor,40.0,20.0,38.0,41.0,41.0,35.0,40.0,38.0,27.0,24.0,60.0,79.0,76.0,78.0,51.0,40.0,20.0,26.0,23.0,24.0,16.0,29.0,19.0,35.0,17.0,60.0,49.0,40.0,48.0,52.0,"['917', '935', '1883']",Mediastudies,Taal en Communicatie,1.0,Communication & Multimedia Design,100.0,353.0,both,"multimedia, design",designer
25JX,80132,Zuyd Hogeschool,techniek,n.v.t. (techniek),ICT,hbo,associate degree,0.0,0.0,0.0,0.0,102.0,7.0,83.0,9.0,50.0,3.0,0.0,0.0,109.0,92.0,53.0,0.0,0.0,0.0,0.0,0.0,0.0,16.0,0.0,23.0,4.0,0.0,0.0,0.0,16.0,27.0,"['917', '935', '1883']",Informatica,Exact en Informatica,1.0,Information & Communication Technology,88.0,145.0,both,"information, technology",support
25KB,34405,Hogeschool van Arnhem en Nijmegen,economie,n.v.t. (economie),Communicatie,hbo,bachelor,48.0,108.0,40.0,125.0,53.0,157.0,49.0,147.0,52.0,153.0,156.0,165.0,210.0,196.0,205.0,27.0,109.0,33.0,126.0,21.0,101.0,26.0,123.0,36.0,113.0,136.0,159.0,122.0,149.0,149.0,"['202', '268']",Communicatie,Taal en Communicatie,1.0,Communication,257.0,958.0,both,,growth
25KB,80135,Hogeschool van Arnhem en Nijmegen,economie,n.v.t. (economie),Online Marketing en Sales,hbo,associate degree,0.0,0.0,0.0,0.0,12.0,4.0,42.0,21.0,34.0,10.0,0.0,0.0,16.0,63.0,44.0,0.0,0.0,0.0,0.0,0.0,0.0,0.0,0.0,1.0,3.0,0.0,0.0,0.0,0.0,4.0,"['202', '268']",Commerciële economie,Economie en Bedrijf,1.0,Online Marketing en Sales,53.0,73.0,both,"online, marketing",growth
25KB,30020,Hogeschool van Arnhem en Nijmegen,techniek,n.v.t. (techniek),HBO-ICT,hbo,bachelor,307.0,8.0,337.0,15.0,362.0,22.0,313.0,17.0,319.0,20.0,315.0,352.0,384.0,330.0,339.0,105.0,19.0,104.0,18.0,155.0,14.0,143.0,6.0,147.0,6.0,124.0,122.0,169.0,149.0,153.0,"['202', '268']",Informatica,Exact en Informatica,1.0,Information & Communication Technology,412.0,1431.0,both,"information, technology",support
25KB,34092,Hogeschool van Arnhem en Nijmegen,techniek,n.v.t. (techniek),Communication and Multimedia Design,hbo,bachelor,118.0,61.0,140.0,74.0,144.0,81.0,118.0,70.0,106.0,82.0,179.0,214.0,225.0,188.0,188.0,91.0,32.0,108.0,40.0,111.0,50.0,132.0,70.0,114.0,64.0,123.0,148.0,161.0,202.0,178.0,"['202', '268']",Mediastudies,Taal en Communicatie,1.0,Communication & Multimedia Design,260.0,1175.0,both,"multimedia, design",designer
25KB,34389,Hogeschool van Arnhem en Nijmegen,techniek,n.v.t. (techniek),Industrieel Product Ontwerpen,hbo,bachelor,64.0,27.0,55.0,27.0,47.0,21.0,45.0,27.0,35.0,20.0,91.0,82.0,68.0,72.0,55.0,13.0,13.0,14.0,8.0,19.0,20.0,31.0,18.0,39.0,25.0,26.0,22.0,39.0,49.0,64.0,"['202', '268']",Industrieel Produkt Ontwerpen,Techniek,1.0,Industrial Design Engineering,96.0,343.0,both,"design, engineer",designer
25KB,39215,Hogeschool van Arnhem en Nijmegen,techniek,n.v.t. (techniek),Bio-informatica,hbo,bachelor,41.0,20.0,35.0,22.0,38.0,19.0,25.0,14.0,27.0,10.0,61.0,57.0,57.0,39.0,37.0,10.0,6.0,14.0,4.0,14.0,4.0,13.0,3.0,13.0,9.0,16.0,18.0,18.0,16.0,22.0,"['202', '268']",Informatica,Exact en Informatica,1.0,Bio-informatics,54.0,202.0,both,,developer
25KB,49136,Hogeschool van Arnhem en Nijmegen,techniek,n.v.t. (techniek),Engineering Systems,hbo,master,0.0,0.0,0.0,0.0,159.0,3.0,119.0,6.0,104.0,11.0,0.0,0.0,162.0,125.0,115.0,0.0,0.0,0.0,0.0,1.0,0.0,49.0,1.0,36.0,1.0,0.0,0.0,1.0,50.0,37.0,"['202', '268']",Elektrotechniek,Techniek,1.0,Engineering Systems,125.0,205.0,both,engineer,support
25KB,80153,Hogeschool van Arnhem en Nijmegen,techniek,n.v.t. (techniek),Smart Industry,hbo,associate degree,0.0,0.0,0.0,0.0,0.0,0.0,0.0,0.0,4.0,1.0,0.0,0.0,0.0,0.0,5.0,,,,,,,,,,,,,,,,"['202', '268']",Bedrijfskunde en management,Economie en Bedrijf,1.0,Smart Industry,0.0,0.0,both,,data
27NF,39111,ArtEZ,taal en cultuur,opleidingen op het gebied van de kunst,Vormgeving,hbo,bachelor,55.0,149.0,67.0,161.0,57.0,190.0,59.0,197.0,69.0,183.0,204.0,228.0,247.0,256.0,252.0,36.0,96.0,48.0,105.0,33.0,104.0,34.0,93.0,42.0,120.0,132.0,153.0,137.0,127.0,162.0,"['202', '153', '193']",Kunstacademie,Kunst en Cultuur,0.0,Design,301.0,928.0,both,design,designer
27PZ,34405,Hogeschool INHOLLAND,economie,n.v.t. (economie),Communicatie,hbo,bachelor,26.0,113.0,25.0,60.0,18.0,62.0,14.0,57.0,24.0,91.0,139.0,85.0,80.0,71.0,115.0,51.0,168.0,60.0,191.0,43.0,151.0,50.0,151.0,27.0,116.0,219.0,251.0,194.0,201.0,143.0,"['14', '361', '363', '384', '392', '503', '505', '518', '599']",Communicatie,Taal en Communicatie,1.0,Communication,102.0,771.0,both,,growth
27PZ,35516,Hogeschool INHOLLAND,economie,n.v.t. (economie),Creative Business,hbo,bachelor,141.0,200.0,204.0,301.0,203.0,359.0,196.0,370.0,235.0,418.0,341.0,505.0,562.0,566.0,653.0,172.0,362.0,120.0,257.0,120.0,206.0,84.0,149.0,55.0,113.0,534.0,377.0,326.0,233.0,168.0,"['14', '361', '363', '384', '392', '503', '505', '518', '599']",Informatiestudies,Taal en Communicatie,1.0,Creative Business,738.0,2232.0,both,creative,growth
27PZ,39118,Hogeschool INHOLLAND,economie,n.v.t. (economie),Business IT & Management,hbo,bachelor,48.0,8.0,49.0,9.0,54.0,10.0,52.0,9.0,74.0,12.0,56.0,58.0,64.0,61.0,86.0,25.0,4.0,54.0,2.0,39.0,5.0,35.0,7.0,43.0,5.0,29.0,56.0,44.0,42.0,48.0,"['14', '361', '363', '384', '392', '503', '505', '518', '599']",Informatiekunde,Exact en Informatica,1.0,Business IT & Management,107.0,435.0,both,,support
27PZ,80024,Hogeschool INHOLLAND,economie,n.v.t. (economie),IT Service Management,hbo,associate degree,0.0,0.0,0.0,0.0,11.0,0.0,11.0,3.0,32.0,0.0,0.0,0.0,11.0,14.0,32.0,0.0,,0.0,,0.0,,0.0,,6.0,,0.0,0.0,0.0,0.0,6.0,"['14', '361', '363', '384', '392', '503', '505', '518', '599']",Informatica,Exact en Informatica,1.0,IT Service Management,15.0,26.0,both,,support
27PZ,34475,Hogeschool INHOLLAND,techniek,n.v.t. (techniek),Technische Informatica,hbo,bachelor,33.0,1.0,28.0,1.0,39.0,1.0,45.0,2.0,33.0,1.0,34.0,29.0,40.0,47.0,34.0,11.0,1.0,11.0,0.0,2.0,0.0,6.0,0.0,12.0,0.0,12.0,11.0,2.0,6.0,12.0,"['14', '361', '363', '384', '392', '503', '505', '518', '599']",Informatica,Exact en Informatica,1.0,Computer Science,56.0,165.0,both,computer science,developer
27PZ,34479,Hogeschool INHOLLAND,techniek,n.v.t. (techniek),Informatica,hbo,bachelor,84.0,7.0,30.0,5.0,78.0,12.0,100.0,12.0,108.0,29.0,91.0,35.0,90.0,112.0,137.0,13.0,1.0,23.0,1.0,21.0,1.0,33.0,0.0,38.0,2.0,14.0,24.0,22.0,33.0,40.0,"['14', '361', '363', '384', '392', '503', '505', '518', '599']",Informatica,Exact en Informatica,1.0,Information Technology,167.0,362.0,both,"information, technology",developer
27UM,34405,De Haagse Hogeschool,economie,n.v.t. (economie),Communicatie,hbo,bachelor,35.0,82.0,25.0,112.0,24.0,99.0,12.0,92.0,24.0,104.0,117.0,137.0,123.0,104.0,128.0,23.0,101.0,19.0,85.0,21.0,85.0,32.0,102.0,31.0,120.0,124.0,104.0,106.0,134.0,151.0,"['503', '518', '637']",Communicatie,Taal en Communicatie,1.0,Communication,160.0,715.0,both,,growth
27UM,30020,De Haagse Hogeschool,techniek,n.v.t. (techniek),HBO-ICT,hbo,bachelor,349.0,25.0,382.0,25.0,443.0,32.0,391.0,40.0,370.0,52.0,374.0,407.0,475.0,431.0,422.0,165.0,15.0,194.0,18.0,186.0,16.0,186.0,23.0,247.0,24.0,180.0,212.0,202.0,209.0,271.0,"['503', '518', '637']",Informatica,Exact en Informatica,0.0,Information & Communication Technology,393.0,1095.0,both,"information, technology",support
27UM,30020,De Haagse Hogeschool,techniek,n.v.t. (techniek),HBO-ICT,hbo,bachelor,349.0,25.0,382.0,25.0,443.0,32.0,391.0,40.0,370.0,52.0,374.0,407.0,475.0,431.0,422.0,165.0,15.0,194.0,18.0,186.0,16.0,186.0,23.0,247.0,24.0,180.0,212.0,202.0,209.0,271.0,"['503', '518', '637']",Informatica,Exact en Informatica,1.0,Information & Communication Technology,201.0,818.0,both,"information, technology",support
27UM,30026,De Haagse Hogeschool,techniek,n.v.t. (techniek),Mechatronica,hbo,bachelor,87.0,3.0,78.0,12.0,106.0,4.0,84.0,5.0,94.0,6.0,90.0,90.0,110.0,89.0,100.0,8.0,,13.0,,21.0,,39.0,,28.0,,8.0,13.0,21.0,39.0,28.0,"['503', '518', '637']",Mechatronica,Techniek,1.0,Mechatronics,118.0,300.0,both,,designer
27UM,34092,De Haagse Hogeschool,techniek,n.v.t. (techniek),Communication and Multimedia Design,hbo,bachelor,40.0,57.0,71.0,61.0,81.0,75.0,88.0,91.0,71.0,86.0,97.0,132.0,156.0,179.0,157.0,91.0,43.0,87.0,40.0,58.0,40.0,74.0,48.0,70.0,57.0,134.0,127.0,98.0,122.0,127.0,"['503', '518', '637']",Mediastudies,Taal en Communicatie,1.0,Communication & Multimedia Design,257.0,745.0,both,"multimedia, design",designer
27UM,34389,De Haagse Hogeschool,techniek,n.v.t. (techniek),Industrieel Product Ontwerpen,hbo,bachelor,78.0,63.0,85.0,73.0,69.0,36.0,63.0,53.0,87.0,60.0,141.0,158.0,105.0,116.0,147.0,50.0,26.0,51.0,29.0,69.0,38.0,60.0,42.0,63.0,53.0,76.0,80.0,107.0,102.0,116.0,"['503', '518', '637']",Industrieel Produkt Ontwerpen,Techniek,1.0,Industrial Design Engineering,159.0,604.0,both,"design, engineer",designer
28DN,34405,Hogeschool van Amsterdam,economie,n.v.t. (economie),Communicatie,hbo,bachelor,30.0,93.0,51.0,125.0,37.0,156.0,28.0,96.0,34.0,121.0,123.0,176.0,193.0,124.0,155.0,27.0,83.0,39.0,111.0,54.0,122.0,24.0,91.0,28.0,61.0,110.0,150.0,176.0,115.0,89.0,['363'],,,1.0,Communicatie,124.0,124.0,left_only,,growth
28DN,35516,Hogeschool van Amsterdam,economie,n.v.t. (economie),Creative Business,hbo,bachelor,111.0,293.0,113.0,389.0,117.0,389.0,159.0,583.0,171.0,636.0,404.0,502.0,506.0,742.0,807.0,141.0,575.0,141.0,499.0,106.0,371.0,71.0,291.0,76.0,238.0,716.0,640.0,477.0,362.0,314.0,['363'],Informatiestudies,Taal en Communicatie,1.0,Creative Business,1029.0,2617.0,both,creative,growth
28DN,49304,Hogeschool van Amsterdam,sectoroverstijgend,sectoroverstijgend,Digital Driven Business,hbo,master,0.0,0.0,0.0,0.0,0.0,0.0,0.0,0.0,17.0,9.0,0.0,0.0,0.0,0.0,26.0,,,,,,,,,,,,,,,,['363'],Bedrijfskunde en management,Economie en Bedrijf,1.0,Digital Driven Business,0.0,0.0,both,digital,data
28DN,30020,Hogeschool van Amsterdam,techniek,n.v.t. (techniek),HBO-ICT,hbo,bachelor,468.0,25.0,582.0,45.0,678.0,53.0,604.0,53.0,630.0,77.0,493.0,627.0,731.0,657.0,707.0,215.0,11.0,234.0,16.0,217.0,25.0,243.0,25.0,241.0,14.0,226.0,250.0,242.0,268.0,255.0,['363'],Informatica,Exact en Informatica,1.0,Information & Communication Technology,865.0,2692.0,both,"information, technology",support
28DN,34092,Hogeschool van Amsterdam,techniek,n.v.t. (techniek),Communication and Multimedia Design,hbo,bachelor,142.0,84.0,162.0,130.0,191.0,161.0,150.0,121.0,138.0,134.0,226.0,292.0,352.0,271.0,272.0,158.0,50.0,122.0,47.0,130.0,78.0,85.0,63.0,109.0,74.0,208.0,169.0,208.0,148.0,183.0,['363'],Mediastudies,Taal en Communicatie,1.0,Communication & Multimedia Design,409.0,1387.0,both,"multimedia, design",designer
28DN,49131,Hogeschool van Amsterdam,techniek,n.v.t. (techniek),Digital Design,hbo,master,0.0,0.0,0.0,0.0,11.0,13.0,9.0,15.0,12.0,12.0,0.0,0.0,24.0,24.0,24.0,0.0,0.0,0.0,0.0,0.0,0.0,11.0,13.0,8.0,14.0,0.0,0.0,0.0,24.0,22.0,['363'],Informatica,Exact en Informatica,1.0,Digital Design,24.0,0.0,both,"digital, design",data
28DN,80156,Hogeschool van Amsterdam,techniek,n.v.t. (techniek),Cybersecurity,hbo,associate degree,0.0,0.0,0.0,0.0,0.0,0.0,0.0,0.0,45.0,2.0,0.0,0.0,0.0,0.0,47.0,,,,,,,,,,,,,,,,['363'],Informatica,Exact en Informatica,1.0,Cybersecurity,0.0,0.0,both,cyber,developer
30GB,34405,Fontys Hogescholen,economie,n.v.t. (economie),Communicatie,hbo,bachelor,171.0,305.0,173.0,362.0,169.0,313.0,138.0,287.0,150.0,359.0,476.0,535.0,482.0,425.0,509.0,134.0,350.0,164.0,373.0,155.0,347.0,130.0,287.0,128.0,289.0,484.0,537.0,502.0,417.0,417.0,"['268', '935', '983', '1883', '748', '772', '794', '796', '855', '1948', '344', '599']",Communicatie,Taal en Communicatie,1.0,Communication,595.0,2432.0,both,,growth
30GB,39111,Fontys Hogescholen,taal en cultuur,opleidingen op het gebied van de kunst,Vormgeving,hbo,bachelor,3.0,17.0,7.0,13.0,6.0,26.0,11.0,15.0,3.0,23.0,20.0,20.0,32.0,26.0,26.0,5.0,13.0,5.0,11.0,3.0,17.0,4.0,11.0,6.0,12.0,18.0,16.0,20.0,15.0,18.0,"['268', '935', '983', '1883', '748', '772', '794', '796', '855', '1948', '344', '599']",Kunstacademie,Kunst en Cultuur,1.0,Design,35.0,111.0,both,design,designer
30GB,30020,Fontys Hogescholen,techniek,n.v.t. (techniek),HBO-ICT,hbo,bachelor,651.0,82.0,603.0,76.0,784.0,104.0,809.0,105.0,816.0,85.0,733.0,679.0,888.0,914.0,901.0,287.0,35.0,316.0,35.0,296.0,38.0,349.0,44.0,395.0,38.0,322.0,351.0,334.0,393.0,433.0,"['268', '935', '983', '1883', '748', '772', '794', '796', '855', '1948', '344', '599']",Informatica,Exact en Informatica,1.0,Information & Communication Technology,971.0,3544.0,both,"information, technology",support
30GB,30026,Fontys Hogescholen,techniek,n.v.t. (techniek),Mechatronica,hbo,bachelor,172.0,9.0,212.0,16.0,215.0,16.0,186.0,18.0,223.0,13.0,181.0,228.0,231.0,204.0,236.0,57.0,1.0,61.0,0.0,78.0,2.0,94.0,5.0,118.0,5.0,58.0,61.0,80.0,99.0,123.0,"['268', '935', '983', '1883', '748', '772', '794', '796', '855', '1948', '344', '599']",Mechatronica,Techniek,1.0,Mechatronics,230.0,812.0,both,,designer
30GB,34389,Fontys Hogescholen,techniek,n.v.t. (techniek),Industrieel Product Ontwerpen,hbo,bachelor,48.0,36.0,52.0,37.0,44.0,18.0,47.0,18.0,34.0,24.0,84.0,89.0,62.0,65.0,58.0,21.0,21.0,32.0,22.0,25.0,25.0,37.0,31.0,39.0,20.0,42.0,54.0,50.0,68.0,59.0,"['268', '935', '983', '1883', '748', '772', '794', '796', '855', '1948', '344', '599']",Industrieel Produkt Ontwerpen,Techniek,1.0,Industrial Design Engineering,79.0,281.0,both,"design, engineer",designer
30GB,34479,Fontys Hogescholen,techniek,n.v.t. (techniek),Informatica,hbo,bachelor,33.0,3.0,40.0,2.0,60.0,5.0,58.0,11.0,68.0,6.0,36.0,42.0,65.0,69.0,74.0,28.0,0.0,24.0,2.0,23.0,0.0,22.0,5.0,22.0,3.0,28.0,26.0,23.0,27.0,25.0,"['268', '935', '983', '1883', '748', '772', '794', '796', '855', '1948', '344', '599']",Informatica,Exact en Informatica,1.0,Information Technology,79.0,215.0,both,"information, technology",developer
30GB,80083,Fontys Hogescholen,techniek,n.v.t. (techniek),ICT Service Management,hbo,associate degree,35.0,2.0,29.0,2.0,19.0,0.0,24.0,1.0,17.0,2.0,37.0,31.0,19.0,25.0,19.0,12.0,0.0,17.0,2.0,23.0,3.0,24.0,2.0,14.0,0.0,12.0,19.0,26.0,26.0,14.0,"['268', '935', '983', '1883', '748', '772', '794', '796', '855', '1948', '344', '599']",,,1.0,ICT Service Management,25.0,25.0,left_only,ict,support
30GB,80152,Fontys Hogescholen,techniek,n.v.t. (techniek),AD-ICT,hbo,associate degree,0.0,0.0,0.0,0.0,0.0,0.0,0.0,0.0,18.0,3.0,0.0,0.0,0.0,0.0,21.0,,,,,,,,,,,,,,,,"['268', '935', '983', '1883', '748', '772', '794', '796', '855', '1948', '344', '599']",Informatica,Exact en Informatica,1.0,AD-ICT,0.0,0.0,both,ict,support
31FR,34405,NHL Stenden Hogeschool,economie,n.v.t. (economie),Communicatie,hbo,bachelor,13.0,38.0,11.0,32.0,13.0,42.0,14.0,49.0,9.0,49.0,51.0,43.0,55.0,63.0,58.0,23.0,63.0,16.0,81.0,12.0,78.0,16.0,63.0,7.0,49.0,86.0,97.0,90.0,79.0,56.0,"['106', '114', '119', '80', '93', '14', '363', '193']",,,1.0,Communicatie,63.0,63.0,left_only,,growth
31FR,35516,NHL Stenden Hogeschool,economie,n.v.t. (economie),Creative Business,hbo,bachelor,56.0,115.0,43.0,97.0,53.0,94.0,58.0,112.0,84.0,160.0,171.0,140.0,147.0,170.0,244.0,27.0,53.0,53.0,104.0,79.0,129.0,85.0,133.0,51.0,102.0,80.0,157.0,208.0,218.0,153.0,"['106', '114', '119', '80', '93', '14', '363', '193']",Informatiestudies,Taal en Communicatie,1.0,Creative Business,176.0,918.0,both,creative,growth
31FR,45284,NHL Stenden Hogeschool,economie,n.v.t. (economie),Content & Media Strategy,hbo,master,0.0,0.0,0.0,0.0,0.0,0.0,9.0,15.0,17.0,38.0,0.0,0.0,0.0,24.0,55.0,0.0,0.0,0.0,0.0,0.0,0.0,0.0,0.0,3.0,9.0,0.0,0.0,0.0,0.0,12.0,"['106', '114', '119', '80', '93', '14', '363', '193']",Mediastudies,Taal en Communicatie,1.0,Content & Media Strategy,24.0,0.0,both,"content, media",growth
31FR,80150,NHL Stenden Hogeschool,economie,n.v.t. (economie),Online Contentcreator,hbo,associate degree,0.0,0.0,0.0,0.0,0.0,0.0,5.0,7.0,13.0,40.0,0.0,0.0,0.0,12.0,53.0,,,,,,,,,,,,,,,,"['106', '114', '119', '80', '93', '14', '363', '193']",Mediastudies,Taal en Communicatie,1.0,Online Contentcreator,12.0,12.0,both,"online, content",growth
31FR,80151,NHL Stenden Hogeschool,economie,n.v.t. (economie),Creative Media Professional,hbo,associate degree,0.0,0.0,0.0,0.0,0.0,0.0,5.0,3.0,19.0,15.0,0.0,0.0,0.0,8.0,34.0,,,,,,,,,,,,,,,,"['106', '114', '119', '80', '93', '14', '363', '193']",Mediastudies,Taal en Communicatie,1.0,Creative Media Professional,8.0,8.0,both,"creative, media",growth
31FR,30020,NHL Stenden Hogeschool,techniek,n.v.t. (techniek),HBO-ICT,hbo,bachelor,109.0,6.0,107.0,6.0,113.0,7.0,114.0,5.0,113.0,8.0,115.0,113.0,120.0,119.0,121.0,45.0,1.0,43.0,2.0,43.0,1.0,29.0,1.0,50.0,2.0,46.0,45.0,44.0,30.0,52.0,"['106', '114', '119', '80', '93', '14', '363', '193']",Informatica,Exact en Informatica,1.0,Information & Communication Technology,155.0,561.0,both,"information, technology",support
31FR,34092,NHL Stenden Hogeschool,techniek,n.v.t. (techniek),Communication and Multimedia Design,hbo,bachelor,101.0,34.0,67.0,27.0,74.0,40.0,73.0,57.0,79.0,51.0,135.0,94.0,114.0,130.0,130.0,85.0,20.0,108.0,24.0,103.0,36.0,129.0,24.0,89.0,39.0,105.0,132.0,139.0,153.0,128.0,"['106', '114', '119', '80', '93', '14', '363', '193']",Mediastudies,Taal en Communicatie,1.0,Communication & Multimedia Design,187.0,727.0,both,"multimedia, design",designer
31FR,34475,NHL Stenden Hogeschool,techniek,n.v.t. (techniek),Technische Informatica,hbo,bachelor,4.0,0.0,13.0,0.0,8.0,1.0,9.0,0.0,4.0,0.0,4.0,13.0,9.0,9.0,4.0,7.0,0.0,3.0,0.0,5.0,0.0,5.0,0.0,5.0,1.0,7.0,3.0,5.0,5.0,6.0,"['106', '114', '119', '80', '93', '14', '363', '193']",Informatica,Exact en Informatica,1.0,Computer Science,16.0,54.0,both,computer science,developer
31FR,34479,NHL Stenden Hogeschool,techniek,n.v.t. (techniek),Informatica,hbo,bachelor,69.0,6.0,72.0,4.0,55.0,6.0,87.0,4.0,56.0,6.0,75.0,76.0,61.0,91.0,62.0,16.0,0.0,23.0,0.0,28.0,1.0,27.0,4.0,38.0,7.0,16.0,23.0,29.0,31.0,45.0,"['106', '114', '119', '80', '93', '14', '363', '193']",Informatica,Exact en Informatica,1.0,Information Technology,89.0,322.0,both,"information, technology",developer
31FR,49126,NHL Stenden Hogeschool,techniek,n.v.t. (techniek),Serious Gaming,hbo,master,0.0,0.0,0.0,0.0,8.0,1.0,11.0,4.0,12.0,5.0,0.0,0.0,9.0,15.0,17.0,0.0,0.0,0.0,0.0,0.0,0.0,0.0,0.0,4.0,1.0,0.0,0.0,0.0,0.0,5.0,"['106', '114', '119', '80', '93', '14', '363', '193']",Game Architecture and Design,Techniek,1.0,Serious Gaming,16.0,0.0,both,,developer
31FR,80024,NHL Stenden Hogeschool,techniek,n.v.t. (techniek),IT Service Management,hbo,associate degree,10.0,3.0,5.0,0.0,3.0,2.0,4.0,0.0,10.0,2.0,13.0,5.0,5.0,4.0,12.0,4.0,1.0,1.0,0.0,3.0,1.0,2.0,1.0,3.0,0.0,5.0,1.0,4.0,3.0,3.0,"['106', '114', '119', '80', '93', '14', '363', '193']",,,1.0,IT Service Management,4.0,4.0,left_only,,support
31FR,80071,NHL Stenden Hogeschool,techniek,n.v.t. (techniek),ICT-Beheer,hbo,associate degree,17.0,0.0,12.0,0.0,7.0,2.0,8.0,0.0,4.0,1.0,17.0,12.0,9.0,8.0,5.0,0.0,1.0,0.0,0.0,3.0,0.0,1.0,0.0,1.0,0.0,1.0,0.0,3.0,1.0,1.0,"['106', '114', '119', '80', '93', '14', '363', '193']",Informatica,Exact en Informatica,1.0,ICT-Service Management,8.0,14.0,both,ict,support
21PB,56978,Universiteit Leiden,natuur,n.v.t. (natuur),Informatica,wo,bachelor,55.0,7.0,59.0,8.0,71.0,13.0,68.0,21.0,108.0,31.0,62.0,67.0,84.0,89.0,139.0,25.0,5.0,32.0,6.0,58.0,6.0,45.0,4.0,54.0,3.0,30.0,38.0,64.0,49.0,57.0,"['518', '546']",Informatica,Exact en Informatica,1.0,Computer Science,125.0,341.0,both,computer science,developer
21PB,60205,Universiteit Leiden,natuur,n.v.t. (natuur),ICT in Business and the Public Sector,wo,master,28.0,10.0,36.0,7.0,27.0,6.0,34.0,6.0,34.0,4.0,38.0,43.0,33.0,40.0,38.0,27.0,8.0,35.0,9.0,33.0,8.0,22.0,5.0,28.0,6.0,35.0,44.0,41.0,27.0,34.0,"['518', '546']",Informatica,Exact en Informatica,1.0,ICT in Business and the Public Sector,29.0,130.0,both,ict,support
21PB,60206,Universiteit Leiden,natuur,n.v.t. (natuur),Mediatechnology,wo,master,13.0,9.0,14.0,17.0,10.0,14.0,16.0,20.0,15.0,11.0,22.0,31.0,24.0,36.0,26.0,20.0,12.0,9.0,9.0,11.0,12.0,18.0,9.0,7.0,10.0,32.0,18.0,23.0,27.0,17.0,"['518', '546']",Informatica,Exact en Informatica,1.0,Media Technology,33.0,94.0,both,"media, technology",support
21PB,60300,Universiteit Leiden,natuur,n.v.t. (natuur),Computer Science,wo,master,26.0,4.0,28.0,8.0,45.0,13.0,49.0,9.0,69.0,25.0,30.0,36.0,58.0,58.0,94.0,17.0,1.0,21.0,2.0,24.0,5.0,16.0,4.0,32.0,8.0,18.0,23.0,29.0,20.0,40.0,"['518', '546']",Informatica,Exact en Informatica,1.0,Computer Science,48.0,153.0,both,computer science,developer
21PC,60048,Rijksuniversiteit Groningen,economie,n.v.t. (economie),Marketing,wo,master,77.0,80.0,84.0,80.0,75.0,88.0,86.0,105.0,82.0,71.0,157.0,164.0,163.0,191.0,153.0,66.0,76.0,73.0,77.0,83.0,76.0,82.0,99.0,84.0,97.0,142.0,150.0,159.0,181.0,181.0,"['80', '14']",Bedrijfskunde,Economie en Bedrijf,1.0,Marketing,170.0,0.0,both,marketing,growth
21PC,66277,Rijksuniversiteit Groningen,economie,n.v.t. (economie),Technology and Operations Management,wo,master,57.0,22.0,53.0,15.0,53.0,9.0,55.0,20.0,52.0,17.0,79.0,68.0,62.0,75.0,69.0,49.0,12.0,55.0,22.0,52.0,20.0,53.0,15.0,45.0,17.0,61.0,77.0,72.0,68.0,62.0,"['80', '14']",Bèta en Beleid,Exact en Informatica,1.0,Technology and Operations Management,80.0,0.0,both,technology,data
21PC,56842,Rijksuniversiteit Groningen,natuur,n.v.t. (natuur),Informatiekunde,wo,bachelor,27.0,6.0,23.0,10.0,17.0,3.0,11.0,5.0,25.0,9.0,33.0,33.0,20.0,16.0,34.0,8.0,0.0,6.0,1.0,15.0,7.0,24.0,4.0,18.0,8.0,8.0,7.0,22.0,28.0,26.0,"['80', '14']",Informatiekunde,Exact en Informatica,1.0,Information Science,29.0,137.0,both,information,developer
21PC,56978,Rijksuniversiteit Groningen,natuur,n.v.t. (natuur),Informatica,wo,bachelor,63.0,7.0,67.0,8.0,78.0,11.0,64.0,14.0,135.0,23.0,70.0,75.0,89.0,78.0,158.0,26.0,0.0,16.0,3.0,26.0,1.0,40.0,5.0,33.0,3.0,26.0,19.0,27.0,45.0,36.0,"['80', '14']",Informatica,Exact en Informatica,1.0,Computing Science,105.0,290.0,both,,developer
21PC,56981,Rijksuniversiteit Groningen,natuur,n.v.t. (natuur),Kunstmatige Intelligentie,wo,bachelor,74.0,24.0,72.0,27.0,80.0,31.0,120.0,36.0,84.0,31.0,98.0,99.0,111.0,156.0,115.0,24.0,4.0,21.0,11.0,28.0,4.0,46.0,9.0,48.0,14.0,28.0,32.0,32.0,55.0,62.0,"['80', '14']",Kunstmatige Intelligentie,Exact en Informatica,1.0,Artificial Intelligence,208.0,467.0,both,"artificial, intelligence",developer
21PC,60364,Rijksuniversiteit Groningen,natuur,n.v.t. (natuur),Computing Science,wo,master,24.0,0.0,21.0,3.0,31.0,1.0,32.0,8.0,37.0,7.0,24.0,24.0,32.0,40.0,44.0,20.0,0.0,17.0,0.0,11.0,1.0,31.0,2.0,15.0,1.0,20.0,17.0,12.0,33.0,16.0,"['80', '14']",Informatica,Exact en Informatica,1.0,Computing Science,35.0,99.0,both,,developer
21PC,60653,Rijksuniversiteit Groningen,natuur,n.v.t. (natuur),Human-Machine Communication,wo,master,8.0,1.0,5.0,6.0,7.0,4.0,10.0,7.0,7.0,7.0,9.0,11.0,11.0,17.0,14.0,2.0,4.0,6.0,9.0,5.0,4.0,7.0,2.0,4.0,4.0,6.0,15.0,9.0,9.0,8.0,"['80', '14']",Kunstmatige Intelligentie,Exact en Informatica,1.0,Human-Machine Communication,16.0,39.0,both,,developer
21PC,66981,Rijksuniversiteit Groningen,natuur,n.v.t. (natuur),Artificial Intelligence,wo,master,15.0,1.0,22.0,1.0,24.0,2.0,42.0,6.0,58.0,7.0,16.0,23.0,26.0,48.0,65.0,3.0,2.0,14.0,0.0,11.0,0.0,13.0,1.0,19.0,3.0,5.0,14.0,11.0,14.0,22.0,"['80', '14']",Kunstmatige Intelligentie,Exact en Informatica,1.0,Artificial Intelligence,40.0,102.0,both,"artificial, intelligence",developer
21PC,56826,Rijksuniversiteit Groningen,taal en cultuur,n.v.t. (taal en cultuur),Communicatie- en Informatiewetenschappen,wo,bachelor,13.0,58.0,15.0,41.0,12.0,31.0,13.0,46.0,17.0,52.0,71.0,56.0,43.0,59.0,69.0,12.0,47.0,11.0,66.0,19.0,39.0,10.0,41.0,8.0,34.0,59.0,77.0,58.0,51.0,42.0,"['80', '14']",Communicatie,Taal en Communicatie,1.0,Communication and Information Studies,67.0,193.0,both,information,growth
21PC,66826,Rijksuniversiteit Groningen,taal en cultuur,n.v.t. (taal en cultuur),Communicatie- & Informatiewetenschappen,wo,master,23.0,53.0,20.0,50.0,19.0,47.0,29.0,51.0,25.0,33.0,76.0,70.0,66.0,80.0,58.0,14.0,38.0,28.0,49.0,27.0,61.0,21.0,44.0,20.0,51.0,52.0,77.0,88.0,65.0,71.0,"['80', '14']",Communicatie,Taal en Communicatie,1.0,Communication & Information Studies,76.0,0.0,both,information,growth
21PC,60029,Rijksuniversiteit Groningen,techniek,n.v.t. (techniek),Industrial Engineering and Management,wo,master,66.0,21.0,50.0,11.0,51.0,14.0,69.0,7.0,45.0,14.0,87.0,61.0,65.0,76.0,59.0,49.0,8.0,49.0,5.0,54.0,8.0,63.0,20.0,56.0,8.0,57.0,54.0,62.0,83.0,64.0,"['80', '14']",Bedrijfskunde,Economie en Bedrijf,1.0,Industrial Engineering and Management,60.0,211.0,both,engineer,data
21PD,56842,Universiteit Utrecht,natuur,n.v.t. (natuur),Informatiekunde,wo,bachelor,72.0,27.0,76.0,28.0,58.0,27.0,57.0,28.0,72.0,22.0,99.0,104.0,85.0,85.0,94.0,30.0,6.0,40.0,8.0,66.0,9.0,75.0,19.0,87.0,26.0,36.0,48.0,75.0,94.0,113.0,"['344', '687']",Informatiekunde,Exact en Informatica,1.0,Information Science,132.0,478.0,both,information,developer
21PD,56978,Universiteit Utrecht,natuur,n.v.t. (natuur),Informatica,wo,bachelor,138.0,13.0,139.0,9.0,121.0,12.0,131.0,17.0,127.0,23.0,151.0,148.0,133.0,148.0,150.0,87.0,15.0,107.0,2.0,83.0,7.0,112.0,6.0,109.0,9.0,102.0,109.0,90.0,118.0,118.0,"['344', '687']",Informatica,Exact en Informatica,1.0,Computing Science,207.0,588.0,both,,developer
21PD,56981,Universiteit Utrecht,natuur,n.v.t. (natuur),Kunstmatige Intelligentie,wo,bachelor,38.0,23.0,41.0,24.0,94.0,52.0,112.0,62.0,63.0,32.0,61.0,65.0,146.0,174.0,95.0,16.0,6.0,18.0,4.0,20.0,12.0,19.0,14.0,25.0,21.0,22.0,22.0,32.0,33.0,46.0,"['344', '687']",Kunstmatige Intelligentie,Exact en Informatica,1.0,Artificial Intelligence,228.0,493.0,both,"artificial, intelligence",developer
21PD,60809,Universiteit Utrecht,natuur,n.v.t. (natuur),Information Science,wo,master,27.0,12.0,57.0,6.0,64.0,14.0,64.0,20.0,74.0,30.0,39.0,63.0,78.0,84.0,104.0,39.0,7.0,25.0,3.0,27.0,3.0,32.0,15.0,57.0,10.0,46.0,28.0,30.0,47.0,67.0,"['344', '687']",Informatiekunde,Exact en Informatica,1.0,Information Science,68.0,211.0,both,information,developer
21PD,66978,Universiteit Utrecht,natuur,n.v.t. (natuur),Informatica,wo,master,65.0,12.0,96.0,4.0,60.0,8.0,89.0,8.0,86.0,18.0,77.0,100.0,68.0,97.0,104.0,64.0,5.0,61.0,3.0,60.0,8.0,70.0,9.0,71.0,5.0,69.0,64.0,68.0,79.0,76.0,"['344', '687']",Informatica,Exact en Informatica,1.0,Computing Science,85.0,272.0,both,,developer
21PD,66981,Universiteit Utrecht,natuur,n.v.t. (natuur),Artificial Intelligence,wo,master,27.0,6.0,33.0,9.0,41.0,20.0,60.0,28.0,62.0,23.0,33.0,42.0,61.0,88.0,85.0,10.0,3.0,13.0,4.0,18.0,3.0,32.0,9.0,31.0,22.0,13.0,17.0,21.0,41.0,53.0,"['344', '687']",Kunstmatige Intelligentie,Exact en Informatica,1.0,Artificial Intelligence,77.0,188.0,both,"artificial, intelligence",developer
21PD,56826,Universiteit Utrecht,taal en cultuur,n.v.t. (taal en cultuur),Communicatie- en Informatiewetenschappen,wo,bachelor,15.0,59.0,10.0,48.0,21.0,41.0,27.0,65.0,30.0,111.0,74.0,58.0,62.0,92.0,141.0,36.0,97.0,28.0,69.0,17.0,67.0,16.0,63.0,15.0,58.0,133.0,97.0,84.0,79.0,73.0,"['344', '687']",Communicatie,Taal en Communicatie,1.0,Communication and Information Studies,122.0,328.0,both,information,growth
21PD,60833,Universiteit Utrecht,taal en cultuur,n.v.t. (taal en cultuur),Communicatie- & Informatiewetenschappen,wo,master,5.0,25.0,7.0,27.0,6.0,28.0,5.0,25.0,4.0,29.0,30.0,34.0,34.0,30.0,33.0,4.0,38.0,4.0,27.0,5.0,23.0,7.0,24.0,6.0,24.0,42.0,31.0,28.0,31.0,30.0,"['344', '687']",Communicatie,Taal en Communicatie,1.0,Communication & Information Studies,30.0,61.0,both,information,growth
21PE,60063,Erasmus Universiteit Rotterdam,economie,n.v.t. (economie),Marketing Management,wo,master,61.0,101.0,52.0,122.0,55.0,132.0,50.0,118.0,56.0,124.0,162.0,174.0,187.0,168.0,180.0,60.0,91.0,60.0,87.0,48.0,116.0,54.0,114.0,40.0,113.0,151.0,147.0,164.0,168.0,153.0,['599'],Bedrijfskunde,Economie en Bedrijf,1.0,Marketing Management,181.0,0.0,both,marketing,growth
21PE,50374,Erasmus Universiteit Rotterdam,gedrag en maatschappij,n.v.t. (gedrag en maatschappij),International Bachelor's Programme in Communication and Media,wo,bachelor,46.0,132.0,52.0,146.0,47.0,198.0,61.0,226.0,72.0,250.0,178.0,198.0,245.0,287.0,322.0,34.0,90.0,30.0,98.0,45.0,116.0,38.0,103.0,38.0,111.0,124.0,128.0,161.0,141.0,149.0,['599'],Communicatie,Taal en Communicatie,1.0,International Bachelor Communication and Media,281.0,703.0,both,media,growth
21PF,56955,Technische Universiteit Delft,techniek,n.v.t. (techniek),Industrieel Ontwerpen,wo,bachelor,131.0,122.0,105.0,133.0,141.0,170.0,139.0,166.0,133.0,186.0,253.0,238.0,311.0,305.0,319.0,164.0,122.0,130.0,111.0,129.0,115.0,111.0,109.0,113.0,119.0,286.0,241.0,244.0,220.0,232.0,"['503', '518']",Industrieel ontwerpen,Techniek,1.0,Industrial Design,325.0,1101.0,both,design,designer
21PF,56964,Technische Universiteit Delft,techniek,n.v.t. (techniek),Technische Informatica,wo,bachelor,172.0,10.0,201.0,23.0,311.0,28.0,626.0,122.0,361.0,74.0,182.0,224.0,339.0,748.0,435.0,73.0,5.0,63.0,4.0,132.0,10.0,106.0,7.0,127.0,11.0,78.0,67.0,142.0,113.0,138.0,"['503', '518']",Informatica,Exact en Informatica,1.0,Computer Science & Engineering,904.0,1587.0,both,"computer science, engineer",developer
21PF,60179,Technische Universiteit Delft,techniek,n.v.t. (techniek),Engineering and Policy Analysis,wo,master,22.0,17.0,42.0,14.0,45.0,23.0,45.0,23.0,45.0,23.0,39.0,56.0,68.0,68.0,68.0,20.0,3.0,24.0,7.0,18.0,14.0,25.0,8.0,46.0,25.0,23.0,31.0,32.0,33.0,71.0,"['503', '518']",,,1.0,Engineering and Policy Analysis,68.0,68.0,left_only,engineer,data
21PF,60300,Technische Universiteit Delft,techniek,n.v.t. (techniek),Computer Science,wo,master,101.0,19.0,114.0,28.0,156.0,42.0,150.0,29.0,164.0,28.0,120.0,142.0,198.0,179.0,192.0,46.0,3.0,55.0,14.0,80.0,21.0,95.0,25.0,102.0,34.0,49.0,69.0,101.0,120.0,136.0,"['503', '518']",Informatica,Exact en Informatica,1.0,Computer Science,170.0,537.0,both,computer science,developer
21PF,60331,Technische Universiteit Delft,techniek,n.v.t. (techniek),Embedded Systems,wo,master,49.0,14.0,44.0,9.0,57.0,9.0,60.0,15.0,48.0,5.0,63.0,53.0,66.0,75.0,53.0,23.0,1.0,29.0,2.0,24.0,9.0,38.0,11.0,59.0,9.0,24.0,31.0,33.0,49.0,68.0,"['503', '518']",Elektrotechniek,Techniek,1.0,Embedded Systems,73.0,208.0,both,,developer
21PF,60351,Technische Universiteit Delft,techniek,n.v.t. (techniek),Computer Engineering,wo,master,28.0,0.0,17.0,2.0,27.0,1.0,17.0,2.0,22.0,1.0,28.0,19.0,28.0,19.0,23.0,8.0,0.0,10.0,0.0,16.0,1.0,23.0,0.0,17.0,3.0,8.0,10.0,17.0,23.0,20.0,"['503', '518']",Informatica,Exact en Informatica,1.0,Computer Engineering,22.0,82.0,both,"computer, engineer",developer
21PF,60354,Technische Universiteit Delft,techniek,n.v.t. (techniek),Integrated Product Design,wo,master,77.0,51.0,64.0,28.0,60.0,43.0,72.0,46.0,71.0,45.0,128.0,92.0,103.0,118.0,116.0,79.0,27.0,75.0,30.0,84.0,51.0,81.0,41.0,68.0,32.0,106.0,105.0,135.0,122.0,100.0,"['503', '518']",Industrieel ontwerpen,Techniek,1.0,Integrated Product Design,95.0,320.0,both,design,designer
21PF,60355,Technische Universiteit Delft,techniek,n.v.t. (techniek),Design for Interaction,wo,master,46.0,58.0,27.0,59.0,49.0,71.0,31.0,67.0,33.0,76.0,104.0,86.0,120.0,98.0,109.0,34.0,33.0,42.0,50.0,35.0,51.0,31.0,71.0,41.0,69.0,67.0,92.0,86.0,102.0,110.0,"['503', '518']",Industrieel ontwerpen,Techniek,1.0,Design for Interaction,79.0,315.0,both,design,designer
21PF,60356,Technische Universiteit Delft,techniek,n.v.t. (techniek),Strategic Product Design,wo,master,47.0,43.0,35.0,33.0,47.0,59.0,56.0,60.0,47.0,60.0,90.0,68.0,106.0,116.0,107.0,44.0,46.0,44.0,49.0,36.0,40.0,49.0,33.0,49.0,52.0,90.0,93.0,76.0,82.0,101.0,"['503', '518']",Industrieel ontwerpen,Techniek,1.0,Strategic Product Design,103.0,304.0,both,design,designer
21PF,60358,Technische Universiteit Delft,techniek,n.v.t. (techniek),Complex Systems Engineering and Management,wo,master,62.0,23.0,38.0,16.0,51.0,12.0,50.0,28.0,67.0,33.0,85.0,54.0,63.0,78.0,100.0,60.0,24.0,47.0,14.0,48.0,14.0,52.0,20.0,46.0,15.0,84.0,61.0,62.0,72.0,61.0,"['503', '518']",Bèta en Beleid,Techniek,1.0,Complex Systems Engineering and Management,67.0,198.0,both,engineer,data
21PF,66995,Technische Universiteit Delft,techniek,n.v.t. (techniek),Management of Technology,wo,master,50.0,24.0,51.0,14.0,54.0,23.0,65.0,19.0,70.0,25.0,74.0,65.0,77.0,84.0,95.0,43.0,11.0,52.0,20.0,44.0,24.0,56.0,16.0,55.0,22.0,54.0,72.0,68.0,72.0,77.0,"['503', '518']",Bèta en Beleid,Techniek,1.0,Management of Technology,100.0,256.0,both,technology,support
21PG,50441,Technische Universiteit Eindhoven,techniek,n.v.t. (techniek),Industrial Design,wo,bachelor,90.0,76.0,86.0,101.0,129.0,108.0,79.0,63.0,78.0,97.0,166.0,187.0,237.0,142.0,175.0,52.0,28.0,61.0,56.0,52.0,40.0,73.0,57.0,54.0,76.0,80.0,117.0,92.0,130.0,130.0,"['772', '796']",Industrieel ontwerpen,Techniek,1.0,Industrial Design,133.0,585.0,both,design,designer
21PG,55018,Technische Universiteit Eindhoven,techniek,n.v.t. (techniek),Data Science (joint degree),wo,bachelor,0.0,0.0,21.0,4.0,30.0,6.0,40.0,15.0,56.0,16.0,0.0,25.0,36.0,55.0,72.0,0.0,0.0,0.0,0.0,0.0,0.0,0.0,0.0,6.0,2.0,0.0,0.0,0.0,0.0,8.0,"['772', '796']",Bèta en Beleid,Techniek,1.0,Data Science (joint degree),118.0,218.0,both,data,data
21PG,56964,Technische Universiteit Eindhoven,techniek,n.v.t. (techniek),Technische Informatica,wo,bachelor,206.0,31.0,266.0,43.0,251.0,38.0,180.0,26.0,197.0,43.0,237.0,309.0,289.0,206.0,240.0,57.0,3.0,55.0,5.0,89.0,6.0,96.0,13.0,149.0,26.0,60.0,60.0,95.0,109.0,175.0,"['772', '796']",Informatica,Exact en Informatica,1.0,Computer Science & Engineering,195.0,812.0,both,"computer science, engineer",developer
21PG,60331,Technische Universiteit Eindhoven,techniek,n.v.t. (techniek),Embedded Systems,wo,master,67.0,12.0,55.0,13.0,72.0,11.0,53.0,19.0,46.0,14.0,79.0,68.0,83.0,72.0,60.0,23.0,3.0,43.0,8.0,42.0,8.0,45.0,11.0,60.0,12.0,26.0,51.0,50.0,56.0,72.0,"['772', '796']",Elektrotechniek,Techniek,1.0,Embedded Systems,63.0,179.0,both,,developer
21PG,60431,Technische Universiteit Eindhoven,techniek,n.v.t. (techniek),Human-technology Interaction,wo,master,18.0,15.0,19.0,27.0,26.0,24.0,19.0,27.0,27.0,28.0,33.0,46.0,50.0,46.0,55.0,13.0,10.0,15.0,11.0,8.0,15.0,21.0,22.0,17.0,24.0,23.0,26.0,23.0,43.0,41.0,"['772', '796']",Kunstmatige Intelligentie,Exact en Informatica,1.0,Human-Technology Interaction,28.0,125.0,both,technology,developer
21PG,60432,Technische Universiteit Eindhoven,techniek,n.v.t. (techniek),Business Information Systems,wo,master,25.0,6.0,17.0,9.0,20.0,6.0,6.0,0.0,0.0,0.0,31.0,26.0,26.0,6.0,0.0,16.0,3.0,22.0,8.0,18.0,8.0,17.0,8.0,19.0,5.0,19.0,30.0,26.0,25.0,24.0,"['772', '796']",Informatiekunde,Exact en Informatica,1.0,Business Information Systems,0.0,54.0,both,information,support
21PG,60438,Technische Universiteit Eindhoven,techniek,n.v.t. (techniek),Computer Science and Engineering,wo,master,78.0,10.0,76.0,21.0,102.0,17.0,117.0,37.0,181.0,48.0,88.0,97.0,119.0,154.0,229.0,51.0,4.0,58.0,8.0,46.0,8.0,61.0,16.0,78.0,25.0,55.0,66.0,54.0,77.0,103.0,"['772', '796']",Informatica,Exact en Informatica,1.0,Computer Science and Engineering,147.0,368.0,both,"computer science, engineer",developer
21PG,60441,Technische Universiteit Eindhoven,techniek,n.v.t. (techniek),Industrial Design,wo,master,45.0,19.0,42.0,36.0,34.0,40.0,42.0,36.0,29.0,54.0,64.0,78.0,74.0,78.0,83.0,31.0,14.0,33.0,25.0,37.0,24.0,32.0,29.0,31.0,31.0,45.0,58.0,61.0,61.0,62.0,"['772', '796']",Industrieel ontwerpen,Techniek,1.0,Industrial Design,59.0,178.0,both,design,designer
21PG,65018,Technische Universiteit Eindhoven,techniek,n.v.t. (techniek),Data Science and Entrepreneurship (joint degree),wo,master,0.0,0.0,3.0,0.0,8.0,1.0,43.0,8.0,31.0,9.0,0.0,3.0,9.0,51.0,40.0,0.0,0.0,0.0,0.0,0.0,0.0,3.0,0.0,4.0,1.0,0.0,0.0,0.0,3.0,5.0,"['772', '796']",,,1.0,Data Science and Entrepreneurship (joint degree),51.0,51.0,left_only,data,data
21PH,56615,Universiteit Twente,gedrag en maatschappij,n.v.t. (gedrag en maatschappij),Communicatiewetenschap,wo,bachelor,32.0,52.0,34.0,80.0,27.0,80.0,28.0,80.0,35.0,76.0,84.0,114.0,107.0,108.0,111.0,15.0,53.0,13.0,47.0,8.0,14.0,9.0,19.0,13.0,24.0,68.0,60.0,22.0,28.0,37.0,"['80', '363', '153']",Communicatie,Taal en Communicatie,1.0,Communication Science,73.0,226.0,both,,growth
21PH,60713,Universiteit Twente,gedrag en maatschappij,n.v.t. (gedrag en maatschappij),Communication Studies,wo,master,20.0,72.0,21.0,74.0,22.0,51.0,27.0,52.0,18.0,54.0,92.0,95.0,73.0,79.0,72.0,39.0,71.0,35.0,89.0,23.0,65.0,16.0,66.0,26.0,60.0,110.0,124.0,88.0,82.0,86.0,"['80', '363', '153']",Communicatie,Taal en Communicatie,1.0,Communication Science,50.0,0.0,both,,growth
21PH,50002,Universiteit Twente,techniek,n.v.t. (techniek),Advanced Technology,wo,bachelor,55.0,12.0,58.0,9.0,50.0,14.0,61.0,8.0,34.0,11.0,67.0,67.0,64.0,69.0,45.0,50.0,6.0,46.0,11.0,34.0,6.0,30.0,8.0,44.0,9.0,56.0,57.0,40.0,38.0,53.0,"['80', '363', '153']",Constructiestudies,Interdisciplinair,1.0,Advanced Technology,77.0,247.0,both,technology,developer
21PH,50447,Universiteit Twente,techniek,n.v.t. (techniek),Creative Technology,wo,bachelor,55.0,28.0,54.0,35.0,68.0,45.0,72.0,40.0,75.0,42.0,83.0,89.0,113.0,112.0,117.0,45.0,19.0,34.0,13.0,35.0,22.0,47.0,20.0,52.0,30.0,64.0,47.0,57.0,67.0,82.0,"['80', '363', '153']",Informatie- en Communicatietechnologie,Interdisciplinair,1.0,Creative Technology,121.0,377.0,both,"creative, technology",developer
21PH,56066,Universiteit Twente,techniek,n.v.t. (techniek),Business Information Technology,wo,bachelor,29.0,0.0,36.0,7.0,36.0,13.0,66.0,15.0,52.0,12.0,29.0,43.0,49.0,81.0,64.0,13.0,2.0,24.0,7.0,25.0,2.0,19.0,1.0,17.0,5.0,15.0,31.0,27.0,20.0,22.0,"['80', '363', '153']",Informatiekunde,Exact en Informatica,1.0,Business Information Technology,99.0,182.0,both,"information, technology",support
21PH,56955,Universiteit Twente,techniek,n.v.t. (techniek),Industrieel Ontwerpen,wo,bachelor,42.0,40.0,60.0,29.0,69.0,56.0,77.0,46.0,70.0,64.0,82.0,89.0,125.0,123.0,134.0,63.0,37.0,47.0,43.0,54.0,35.0,34.0,34.0,35.0,33.0,100.0,90.0,89.0,68.0,68.0,"['80', '363', '153']",Industrieel ontwerpen,Techniek,1.0,Industrial Design Engineering,142.0,386.0,both,"design, engineer",designer
21PH,56964,Universiteit Twente,techniek,n.v.t. (techniek),Technische Informatica,wo,bachelor,53.0,4.0,99.0,9.0,126.0,11.0,155.0,24.0,0.0,0.0,57.0,108.0,137.0,179.0,0.0,32.0,5.0,40.0,4.0,42.0,3.0,45.0,1.0,20.0,1.0,37.0,44.0,45.0,46.0,21.0,"['80', '363', '153']",,,1.0,Technische Informatica,179.0,179.0,left_only,informatica,developer
21PH,59335,Universiteit Twente,techniek,n.v.t. (techniek),Technical Computer Science,wo,bachelor,0.0,0.0,0.0,0.0,0.0,0.0,0.0,0.0,235.0,33.0,0.0,0.0,0.0,0.0,268.0,0.0,0.0,0.0,0.0,0.0,0.0,0.0,0.0,22.0,3.0,0.0,0.0,0.0,0.0,25.0,"['80', '363', '153']",Informatica,Exact en Informatica,1.0,Technical Computer Science,201.0,443.0,both,computer science,developer
21PH,60025,Universiteit Twente,techniek,n.v.t. (techniek),Business Information Technology,wo,master,14.0,2.0,25.0,4.0,28.0,8.0,22.0,8.0,24.0,11.0,16.0,29.0,36.0,30.0,35.0,20.0,4.0,10.0,5.0,12.0,5.0,19.0,2.0,21.0,9.0,24.0,15.0,17.0,21.0,30.0,"['80', '363', '153']",Informatiekunde,Exact en Informatica,1.0,Business Information Technology,21.0,90.0,both,"information, technology",support
21PH,60029,Universiteit Twente,techniek,n.v.t. (techniek),Industrial Engineering and Management,wo,master,50.0,17.0,42.0,17.0,54.0,25.0,69.0,21.0,64.0,20.0,67.0,59.0,79.0,90.0,84.0,52.0,9.0,55.0,14.0,41.0,17.0,48.0,11.0,55.0,29.0,61.0,69.0,58.0,59.0,84.0,"['80', '363', '153']",Bedrijfskunde,Economie en Bedrijf,1.0,Industrial Engineering and Management,45.0,237.0,both,engineer,data
21PH,60030,Universiteit Twente,techniek,n.v.t. (techniek),Interaction Technology,wo,master,28.0,14.0,18.0,18.0,21.0,12.0,25.0,22.0,34.0,36.0,42.0,36.0,33.0,47.0,70.0,14.0,4.0,11.0,2.0,15.0,8.0,22.0,15.0,11.0,12.0,18.0,13.0,23.0,37.0,23.0,"['80', '363', '153']",Kunstmatige Intelligentie,Exact en Informatica,1.0,Interaction Technology,45.0,110.0,both,technology,developer
21PH,60032,Universiteit Twente,techniek,n.v.t. (techniek),Internet Science and Technology,wo,master,1.0,0.0,4.0,0.0,4.0,2.0,3.0,0.0,2.0,1.0,1.0,4.0,6.0,3.0,3.0,2.0,1.0,4.0,0.0,0.0,0.0,1.0,0.0,3.0,1.0,3.0,4.0,0.0,1.0,4.0,"['80', '363', '153']",,,1.0,Internet Science and Technology,3.0,3.0,left_only,technology,developer
21PH,60300,Universiteit Twente,techniek,n.v.t. (techniek),Computer Science,wo,master,45.0,9.0,46.0,12.0,59.0,7.0,61.0,9.0,76.0,20.0,54.0,58.0,66.0,70.0,96.0,38.0,3.0,36.0,1.0,29.0,4.0,40.0,7.0,53.0,11.0,41.0,37.0,33.0,47.0,64.0,"['80', '363', '153']",Informatica,Exact en Informatica,1.0,Computer Science,53.0,203.0,both,computer science,developer
21PH,60331,Universiteit Twente,techniek,n.v.t. (techniek),Embedded Systems,wo,master,24.0,2.0,19.0,2.0,34.0,1.0,25.0,2.0,37.0,9.0,26.0,21.0,35.0,27.0,46.0,8.0,0.0,19.0,0.0,13.0,1.0,19.0,1.0,17.0,1.0,8.0,19.0,14.0,20.0,18.0,"['80', '363', '153']",Elektrotechniek,Techniek,1.0,Embedded Systems,14.0,84.0,both,,developer
21PH,66955,Universiteit Twente,techniek,n.v.t. (techniek),Industrial Design Engineering,wo,master,46.0,33.0,38.0,33.0,46.0,30.0,36.0,37.0,49.0,28.0,79.0,71.0,76.0,73.0,77.0,40.0,30.0,40.0,30.0,34.0,19.0,36.0,29.0,42.0,25.0,70.0,70.0,53.0,65.0,67.0,"['80', '363', '153']",Industrieel ontwerpen,Techniek,1.0,Industrial Design Engineering,39.0,227.0,both,"design, engineer",designer
21PI,60106,Wageningen University,landbouw en natuurlijke omgeving,n.v.t. (landbouw en natuurlijke omgeving),Bioinformatics,wo,master,14.0,11.0,9.0,11.0,15.0,12.0,21.0,16.0,24.0,12.0,25.0,20.0,27.0,37.0,36.0,12.0,3.0,15.0,7.0,15.0,6.0,5.0,12.0,13.0,13.0,15.0,22.0,21.0,17.0,26.0,"['80', '289', '758', '363']",Toegepaste biowetenschappen,Techniek,1.0,Bioinformatics,33.0,85.0,both,,developer
21PJ,60018,Maastricht University,economie,n.v.t. (economie),Information and Network Economics,wo,master,3.0,4.0,1.0,2.0,4.0,4.0,0.0,0.0,0.0,0.0,7.0,3.0,8.0,0.0,0.0,5.0,2.0,1.0,4.0,4.0,1.0,4.0,3.0,0.0,0.0,7.0,5.0,5.0,7.0,0.0,"['935', '983', '1883']",,,1.0,Information and Network Economics,0.0,0.0,left_only,information,support
21PJ,60959,Maastricht University,economie,n.v.t. (economie),Business Intelligence and Smart Services,wo,master,0.0,0.0,0.0,0.0,19.0,10.0,30.0,9.0,28.0,13.0,0.0,0.0,29.0,39.0,41.0,0.0,0.0,0.0,0.0,0.0,0.0,6.0,8.0,27.0,8.0,0.0,0.0,0.0,14.0,35.0,"['935', '983', '1883']",Economie,Economie en Bedrijf,1.0,Business Intelligence and Smart Services,42.0,0.0,both,intelligence,data
21PJ,50300,Maastricht University,natuur,n.v.t. (natuur),Data Science and Knowledge Engineering,wo,bachelor,56.0,19.0,51.0,8.0,83.0,20.0,101.0,35.0,98.0,34.0,75.0,59.0,103.0,136.0,132.0,14.0,4.0,25.0,5.0,26.0,3.0,30.0,11.0,27.0,10.0,18.0,30.0,29.0,41.0,37.0,"['935', '983', '1883']",Kunstmatige Intelligentie,Exact en Informatica,1.0,Data Science and Knowledge Engineering,158.0,328.0,both,"data, engineer",data
21PJ,60002,Maastricht University,taal en cultuur,n.v.t. (taal en cultuur),"European Studies on Society, Science and Technology",wo,master,0.0,0.0,0.0,0.0,0.0,0.0,0.0,0.0,9.0,9.0,0.0,0.0,0.0,0.0,18.0,0.0,0.0,0.0,0.0,0.0,0.0,0.0,0.0,4.0,13.0,0.0,0.0,0.0,0.0,17.0,"['935', '983', '1883']",,,1.0,"European Studies on Society, Science and Technology",0.0,0.0,left_only,technology,data
21PK,56615,Universiteit van Amsterdam,gedrag en maatschappij,n.v.t. (gedrag en maatschappij),Communicatiewetenschap,wo,bachelor,49.0,150.0,104.0,317.0,126.0,361.0,91.0,415.0,124.0,426.0,199.0,421.0,487.0,506.0,550.0,67.0,186.0,46.0,154.0,40.0,173.0,34.0,122.0,50.0,194.0,253.0,200.0,213.0,156.0,244.0,['363'],Communicatie,Taal en Communicatie,1.0,Communication Science,590.0,1407.0,both,,growth
21PK,60163,Universiteit van Amsterdam,gedrag en maatschappij,n.v.t. (gedrag en maatschappij),Communication Science (research),wo,master,3.0,12.0,1.0,11.0,5.0,29.0,7.0,16.0,10.0,36.0,15.0,12.0,34.0,23.0,46.0,5.0,24.0,9.0,22.0,4.0,14.0,1.0,15.0,5.0,29.0,29.0,31.0,18.0,16.0,34.0,['363'],Communicatie,Taal en Communicatie,1.0,Communication Science (research),15.0,62.0,both,,growth
21PK,66615,Universiteit van Amsterdam,gedrag en maatschappij,n.v.t. (gedrag en maatschappij),Communicatiewetenschap,wo,master,79.0,224.0,56.0,216.0,52.0,219.0,52.0,216.0,49.0,212.0,303.0,272.0,271.0,268.0,261.0,86.0,252.0,75.0,248.0,57.0,223.0,55.0,215.0,56.0,217.0,338.0,323.0,280.0,270.0,273.0,['363'],Communicatie,Taal en Communicatie,1.0,Communication Science,152.0,0.0,both,,growth
21PK,56573,Universiteit van Amsterdam,gezondheidszorg,n.v.t. (gezondheidszorg),Medische Informatiekunde,wo,bachelor,23.0,20.0,10.0,21.0,6.0,19.0,10.0,16.0,11.0,25.0,43.0,31.0,25.0,26.0,36.0,7.0,5.0,8.0,10.0,15.0,15.0,22.0,16.0,9.0,16.0,12.0,18.0,30.0,38.0,25.0,['363'],Informatiekunde,Exact en Informatica,1.0,Medical Informatics,31.0,89.0,both,,developer
21PK,56842,Universiteit van Amsterdam,natuur,n.v.t. (natuur),Informatiekunde,wo,bachelor,43.0,14.0,25.0,17.0,44.0,10.0,45.0,17.0,56.0,12.0,57.0,42.0,54.0,62.0,68.0,22.0,8.0,32.0,10.0,31.0,4.0,42.0,18.0,42.0,18.0,30.0,42.0,35.0,60.0,60.0,['363'],Informatiekunde,Exact en Informatica,1.0,Information Science,99.0,288.0,both,information,developer
21PK,56978,Universiteit van Amsterdam,natuur,n.v.t. (natuur),Informatica,wo,bachelor,57.0,3.0,80.0,5.0,64.0,5.0,79.0,8.0,105.0,8.0,60.0,85.0,69.0,87.0,113.0,29.0,3.0,54.0,3.0,44.0,3.0,52.0,3.0,51.0,4.0,32.0,57.0,47.0,55.0,55.0,['363'],Informatica,Exact en Informatica,1.0,Computing Science,121.0,353.0,both,,developer
21PK,56981,Universiteit van Amsterdam,natuur,n.v.t. (natuur),Kunstmatige Intelligentie,wo,bachelor,52.0,13.0,90.0,24.0,103.0,31.0,66.0,34.0,61.0,16.0,65.0,114.0,134.0,100.0,77.0,27.0,3.0,31.0,6.0,39.0,11.0,34.0,8.0,42.0,13.0,30.0,37.0,50.0,42.0,55.0,['363'],Kunstmatige Intelligentie,Exact en Informatica,1.0,Artificial Intelligence,109.0,414.0,both,"artificial, intelligence",developer
21PK,60227,Universiteit van Amsterdam,natuur,n.v.t. (natuur),Security and Network Engineering,wo,master,30.0,1.0,24.0,2.0,27.0,0.0,25.0,2.0,34.0,4.0,31.0,26.0,27.0,27.0,38.0,27.0,1.0,30.0,3.0,19.0,2.0,26.0,0.0,13.0,0.0,28.0,33.0,21.0,26.0,13.0,['363'],Informatica,Exact en Informatica,1.0,Security and Network Engineering,27.0,0.0,both,engineer,developer
21PK,60228,Universiteit van Amsterdam,natuur,n.v.t. (natuur),Software Engineering,wo,master,30.0,2.0,41.0,2.0,43.0,4.0,35.0,5.0,26.0,2.0,32.0,43.0,47.0,40.0,28.0,31.0,4.0,31.0,2.0,33.0,3.0,43.0,2.0,37.0,4.0,35.0,33.0,36.0,45.0,41.0,['363'],Informatica,Exact en Informatica,1.0,Software Engineering,44.0,0.0,both,"software, engineer",developer
21PK,60229,Universiteit van Amsterdam,natuur,n.v.t. (natuur),Information Studies,wo,master,97.0,29.0,98.0,48.0,113.0,49.0,127.0,49.0,110.0,42.0,126.0,146.0,162.0,176.0,152.0,76.0,27.0,83.0,28.0,83.0,45.0,115.0,63.0,128.0,46.0,103.0,111.0,128.0,178.0,174.0,['363'],Informatiekunde,Exact en Informatica,1.0,Information Studies,201.0,0.0,both,information,developer
21PK,60299,Universiteit van Amsterdam,natuur,n.v.t. (natuur),Computational Science,wo,master,30.0,11.0,0.0,0.0,0.0,0.0,0.0,0.0,0.0,0.0,41.0,0.0,0.0,0.0,0.0,7.0,1.0,12.0,5.0,12.0,4.0,9.0,1.0,2.0,0.0,8.0,17.0,16.0,10.0,2.0,['363'],,,1.0,Computational Science,0.0,0.0,left_only,,developer
21PK,65014,Universiteit van Amsterdam,natuur,n.v.t. (natuur),Computer Science (joint degree),wo,master,0.0,0.0,11.0,0.0,14.0,3.0,61.0,14.0,15.0,2.0,0.0,11.0,17.0,75.0,17.0,0.0,,0.0,,0.0,,9.0,,6.0,,0.0,0.0,0.0,9.0,6.0,['363'],,,1.0,Computer Science (joint degree),75.0,75.0,left_only,computer science,developer
21PK,65015,Universiteit van Amsterdam,natuur,n.v.t. (natuur),Computational Science (joint degree),wo,master,0.0,0.0,30.0,3.0,34.0,13.0,42.0,14.0,38.0,30.0,0.0,33.0,47.0,56.0,68.0,0.0,0.0,0.0,0.0,4.0,3.0,12.0,4.0,22.0,4.0,0.0,0.0,7.0,16.0,26.0,['363'],Informatica,Exact en Informatica,1.0,Computational Science (joint degree),63.0,144.0,both,,developer
21PK,66981,Universiteit van Amsterdam,natuur,n.v.t. (natuur),Artificial Intelligence,wo,master,44.0,12.0,66.0,14.0,101.0,31.0,139.0,29.0,72.0,20.0,56.0,80.0,132.0,168.0,92.0,18.0,5.0,22.0,5.0,28.0,12.0,45.0,8.0,85.0,24.0,23.0,27.0,40.0,53.0,109.0,['363'],Kunstmatige Intelligentie,Exact en Informatica,1.0,Artificial Intelligence,196.0,414.0,both,"artificial, intelligence",developer
21PK,60833,Universiteit van Amsterdam,taal en cultuur,n.v.t. (taal en cultuur),Communicatie- & Informatiewetenschappen,wo,master,2.0,7.0,2.0,13.0,1.0,7.0,5.0,10.0,4.0,10.0,9.0,15.0,8.0,15.0,14.0,0.0,9.0,2.0,10.0,2.0,6.0,1.0,11.0,1.0,12.0,9.0,12.0,8.0,12.0,13.0,['363'],Communicatie,Taal en Communicatie,1.0,Communication & Information Studies,20.0,30.0,both,information,growth
21PK,60834,Universiteit van Amsterdam,taal en cultuur,n.v.t. (taal en cultuur),Communicatie- & Informatiewetenschappen (research),wo,master,2.0,3.0,3.0,4.0,2.0,4.0,1.0,2.0,0.0,4.0,5.0,7.0,6.0,3.0,4.0,1.0,2.0,3.0,1.0,2.0,2.0,2.0,2.0,4.0,4.0,3.0,4.0,4.0,4.0,8.0,['363'],Communicatie,Taal en Communicatie,1.0,Communication & Information Studies (research),0.0,13.0,both,information,growth
21PL,60048,Vrije Universiteit Amsterdam,economie,n.v.t. (economie),Marketing,wo,master,60.0,102.0,56.0,66.0,47.0,95.0,67.0,113.0,48.0,108.0,162.0,122.0,142.0,180.0,156.0,53.0,73.0,57.0,100.0,61.0,82.0,41.0,76.0,55.0,113.0,126.0,157.0,143.0,117.0,168.0,['363'],Bedrijfskunde,Economie en Bedrijf,1.0,Marketing,186.0,0.0,both,marketing,growth
21PL,56615,Vrije Universiteit Amsterdam,gedrag en maatschappij,n.v.t. (gedrag en maatschappij),Communicatiewetenschap,wo,bachelor,34.0,124.0,34.0,118.0,26.0,113.0,26.0,88.0,34.0,107.0,158.0,152.0,139.0,114.0,141.0,35.0,77.0,25.0,70.0,19.0,64.0,17.0,47.0,12.0,57.0,112.0,95.0,83.0,64.0,69.0,['363'],Communicatie,Taal en Communicatie,1.0,Communication Science,68.0,317.0,both,,growth
21PL,66615,Vrije Universiteit Amsterdam,gedrag en maatschappij,n.v.t. (gedrag en maatschappij),Communicatiewetenschap,wo,master,32.0,143.0,36.0,105.0,30.0,107.0,19.0,115.0,19.0,86.0,175.0,141.0,137.0,134.0,105.0,34.0,101.0,44.0,132.0,32.0,106.0,28.0,115.0,15.0,113.0,135.0,176.0,138.0,143.0,128.0,['363'],Communicatie,Taal en Communicatie,1.0,Communication Science,138.0,0.0,both,,growth
21PL,50426,Vrije Universiteit Amsterdam,natuur,n.v.t. (natuur),Computer Science,wo,bachelor,45.0,10.0,105.0,18.0,131.0,31.0,121.0,38.0,133.0,31.0,55.0,123.0,162.0,159.0,164.0,23.0,0.0,24.0,3.0,29.0,2.0,32.0,8.0,55.0,9.0,23.0,27.0,31.0,40.0,64.0,['363'],Informatica,Exact en Informatica,1.0,Computer Science,181.0,495.0,both,computer science,developer
21PL,56856,Vrije Universiteit Amsterdam,natuur,n.v.t. (natuur),Business Analytics,wo,bachelor,43.0,20.0,56.0,34.0,60.0,36.0,58.0,25.0,73.0,35.0,63.0,90.0,96.0,83.0,108.0,16.0,7.0,28.0,11.0,44.0,15.0,42.0,19.0,29.0,24.0,23.0,39.0,59.0,61.0,53.0,['363'],Wiskunde,Exact en Informatica,1.0,Business Analytics,110.0,342.0,both,analytic,data
21PL,56869,Vrije Universiteit Amsterdam,natuur,n.v.t. (natuur),Information Sciences,wo,bachelor,34.0,17.0,32.0,11.0,29.0,9.0,26.0,11.0,8.0,1.0,51.0,43.0,38.0,37.0,9.0,32.0,5.0,32.0,8.0,30.0,10.0,43.0,14.0,30.0,7.0,37.0,40.0,40.0,57.0,37.0,['363'],,,1.0,Information Sciences,37.0,37.0,left_only,information,developer
21PL,56945,Vrije Universiteit Amsterdam,natuur,n.v.t. (natuur),Artificial Intelligence,wo,bachelor,0.0,0.0,0.0,0.0,0.0,0.0,0.0,0.0,95.0,58.0,0.0,0.0,0.0,0.0,153.0,0.0,0.0,0.0,0.0,0.0,0.0,0.0,0.0,10.0,12.0,0.0,0.0,0.0,0.0,22.0,['363'],Kunstmatige Intelligentie,Exact en Informatica,1.0,Artificial Intelligence,75.0,173.0,both,"artificial, intelligence",developer
21PL,56983,Vrije Universiteit Amsterdam,natuur,n.v.t. (natuur),Lifestyle Informatics,wo,bachelor,9.0,8.0,12.0,15.0,12.0,23.0,26.0,21.0,0.0,0.0,17.0,27.0,35.0,47.0,0.0,7.0,21.0,15.0,15.0,13.0,9.0,22.0,8.0,0.0,0.0,28.0,30.0,22.0,30.0,0.0,['363'],,,1.0,Lifestyle Informatics,47.0,47.0,left_only,,developer
21PL,60106,Vrije Universiteit Amsterdam,natuur,n.v.t. (natuur),Bioinformatics,wo,master,12.0,7.0,17.0,10.0,21.0,12.0,0.0,0.0,0.0,0.0,19.0,27.0,33.0,0.0,0.0,9.0,7.0,15.0,4.0,8.0,3.0,7.0,9.0,3.0,1.0,16.0,19.0,11.0,16.0,4.0,['363'],,,1.0,Bioinformatics,0.0,0.0,left_only,,developer
21PL,60255,Vrije Universiteit Amsterdam,natuur,n.v.t. (natuur),Information Sciences,wo,master,44.0,7.0,26.0,14.0,25.0,13.0,26.0,20.0,35.0,11.0,51.0,40.0,38.0,46.0,46.0,23.0,3.0,38.0,5.0,21.0,13.0,28.0,13.0,30.0,14.0,26.0,43.0,34.0,41.0,44.0,['363'],Informatiekunde,Exact en Informatica,1.0,Information Sciences,47.0,0.0,both,information,developer
21PL,60300,Vrije Universiteit Amsterdam,natuur,n.v.t. (natuur),Computer Science,wo,master,33.0,5.0,1.0,0.0,0.0,0.0,0.0,0.0,0.0,0.0,38.0,1.0,0.0,0.0,0.0,29.0,7.0,25.0,4.0,13.0,5.0,7.0,0.0,7.0,2.0,36.0,29.0,18.0,7.0,9.0,['363'],,,1.0,Computer Science,0.0,0.0,left_only,computer science,developer
21PL,60802,Vrije Universiteit Amsterdam,natuur,n.v.t. (natuur),Parallel and Distributed Computer Systems,wo,master,4.0,1.0,7.0,7.0,9.0,2.0,4.0,1.0,4.0,0.0,5.0,14.0,11.0,5.0,4.0,10.0,4.0,5.0,2.0,5.0,5.0,3.0,3.0,7.0,1.0,14.0,7.0,10.0,6.0,8.0,['363'],Informatica,Exact en Informatica,1.0,Parallel and Distributed Computer Systems,7.0,25.0,both,computer,developer
21PL,65014,Vrije Universiteit Amsterdam,natuur,n.v.t. (natuur),Computer Science (joint degree),wo,master,0.0,0.0,46.0,5.0,35.0,2.0,30.0,8.0,53.0,18.0,0.0,51.0,37.0,38.0,71.0,0.0,0.0,3.0,1.0,11.0,1.0,14.0,2.0,29.0,4.0,0.0,4.0,12.0,16.0,33.0,['363'],,,1.0,Computer Science (joint degree),38.0,38.0,left_only,computer science,developer
21PL,65015,Vrije Universiteit Amsterdam,natuur,n.v.t. (natuur),Computational Science (joint degree),wo,master,0.0,,0.0,,0.0,,2.0,,1.0,,0.0,0.0,0.0,2.0,1.0,0.0,0.0,0.0,0.0,0.0,0.0,0.0,1.0,4.0,0.0,0.0,0.0,0.0,1.0,4.0,['363'],,,1.0,Computational Science (joint degree),2.0,2.0,left_only,,developer
21PL,66856,Vrije Universiteit Amsterdam,natuur,n.v.t. (natuur),Business Analytics,wo,master,21.0,12.0,35.0,23.0,45.0,21.0,46.0,16.0,37.0,28.0,33.0,58.0,66.0,62.0,65.0,15.0,12.0,13.0,4.0,23.0,9.0,30.0,20.0,31.0,15.0,27.0,17.0,32.0,50.0,46.0,['363'],Wiskunde,Exact en Informatica,1.0,Business Analytics,59.0,172.0,both,analytic,data
21PL,66981,Vrije Universiteit Amsterdam,natuur,n.v.t. (natuur),Artificial Intelligence,wo,master,15.0,13.0,15.0,8.0,22.0,19.0,29.0,20.0,41.0,25.0,28.0,23.0,41.0,49.0,66.0,12.0,1.0,20.0,6.0,10.0,12.0,12.0,5.0,19.0,11.0,13.0,26.0,22.0,17.0,30.0,['363'],Kunstmatige Intelligentie,Exact en Informatica,1.0,Artificial Intelligence,54.0,128.0,both,"artificial, intelligence",developer
21PL,56826,Vrije Universiteit Amsterdam,taal en cultuur,n.v.t. (taal en cultuur),Communicatie- en Informatiewetenschappen,wo,bachelor,4.0,39.0,13.0,40.0,12.0,55.0,22.0,62.0,11.0,58.0,43.0,53.0,67.0,84.0,69.0,7.0,20.0,11.0,49.0,9.0,19.0,6.0,18.0,7.0,17.0,27.0,60.0,28.0,24.0,24.0,['363'],Communicatie,Taal en Communicatie,1.0,Communication and Information Studies,95.0,206.0,both,information,growth
21PL,66826,Vrije Universiteit Amsterdam,taal en cultuur,n.v.t. (taal en cultuur),Communicatie- & Informatiewetenschappen,wo,master,12.0,31.0,16.0,50.0,8.0,40.0,16.0,40.0,6.0,37.0,43.0,66.0,48.0,56.0,43.0,6.0,54.0,13.0,21.0,14.0,33.0,10.0,48.0,14.0,39.0,60.0,34.0,47.0,58.0,53.0,['363'],Communicatie,Taal en Communicatie,0.0,Communication & Information Studies,58.0,0.0,both,information,growth
21PM,56615,Radboud Universiteit Nijmegen,gedrag en maatschappij,n.v.t. (gedrag en maatschappij),Communicatiewetenschap,wo,bachelor,22.0,47.0,16.0,53.0,21.0,67.0,17.0,78.0,32.0,95.0,69.0,69.0,88.0,95.0,127.0,31.0,43.0,17.0,47.0,17.0,37.0,13.0,40.0,17.0,35.0,74.0,64.0,54.0,53.0,52.0,['268'],Communicatie,Taal en Communicatie,1.0,Communication Science,93.0,291.0,both,,growth
21PM,66615,Radboud Universiteit Nijmegen,gedrag en maatschappij,n.v.t. (gedrag en maatschappij),Communicatiewetenschap,wo,master,27.0,44.0,22.0,48.0,18.0,40.0,18.0,71.0,19.0,69.0,71.0,70.0,58.0,89.0,88.0,22.0,39.0,25.0,43.0,23.0,44.0,19.0,49.0,21.0,65.0,61.0,68.0,67.0,68.0,86.0,['268'],Communicatie,Taal en Communicatie,1.0,Communication Science,90.0,0.0,both,,growth
21PM,56945,Radboud Universiteit Nijmegen,natuur,n.v.t. (natuur),Artificial Intelligence,wo,bachelor,0.0,0.0,0.0,0.0,94.0,54.0,80.0,45.0,103.0,44.0,0.0,0.0,148.0,125.0,147.0,0.0,0.0,0.0,0.0,0.0,0.0,28.0,23.0,44.0,13.0,0.0,0.0,0.0,51.0,57.0,['268'],Kunstmatige Intelligentie,Exact en Informatica,1.0,Artificial Intelligence,130.0,443.0,both,"artificial, intelligence",developer
21PM,56978,Radboud Universiteit Nijmegen,natuur,n.v.t. (natuur),Informatica,wo,bachelor,60.0,8.0,56.0,5.0,65.0,6.0,0.0,0.0,0.0,0.0,68.0,61.0,71.0,0.0,0.0,13.0,0.0,25.0,3.0,31.0,1.0,36.0,6.0,0.0,0.0,13.0,28.0,32.0,42.0,0.0,['268'],,,1.0,Informatica,0.0,0.0,left_only,informatica,developer
21PM,56981,Radboud Universiteit Nijmegen,natuur,n.v.t. (natuur),Kunstmatige Intelligentie,wo,bachelor,63.0,31.0,85.0,41.0,0.0,0.0,0.0,0.0,0.0,0.0,94.0,126.0,0.0,0.0,0.0,15.0,3.0,23.0,6.0,32.0,15.0,0.0,0.0,0.0,0.0,18.0,29.0,47.0,0.0,0.0,['268'],,,1.0,Kunstmatige Intelligentie,0.0,0.0,left_only,kunstmatige intelligentie,developer
21PM,59326,Radboud Universiteit Nijmegen,natuur,n.v.t. (natuur),Computing Science,wo,bachelor,0.0,0.0,0.0,0.0,0.0,0.0,123.0,17.0,138.0,26.0,0.0,0.0,0.0,140.0,164.0,0.0,0.0,0.0,0.0,0.0,0.0,1.0,0.0,40.0,3.0,0.0,0.0,0.0,1.0,43.0,['268'],Informatica,Exact en Informatica,1.0,Computing Science,161.0,418.0,both,,developer
21PM,60255,Radboud Universiteit Nijmegen,natuur,n.v.t. (natuur),Information Sciences,wo,master,18.0,2.0,17.0,1.0,16.0,3.0,17.0,6.0,14.0,8.0,20.0,18.0,19.0,23.0,22.0,12.0,3.0,13.0,2.0,20.0,2.0,15.0,2.0,10.0,3.0,15.0,15.0,22.0,17.0,13.0,['268'],Informatiekunde,Exact en Informatica,1.0,Information Sciences,18.0,0.0,both,information,developer
21PM,60364,Radboud Universiteit Nijmegen,natuur,n.v.t. (natuur),Computing Science,wo,master,31.0,2.0,57.0,6.0,57.0,6.0,61.0,11.0,81.0,17.0,33.0,63.0,63.0,72.0,98.0,26.0,1.0,34.0,4.0,21.0,2.0,38.0,3.0,38.0,2.0,27.0,38.0,23.0,41.0,40.0,['268'],Informatica,Exact en Informatica,1.0,Computing Science,65.0,200.0,both,,developer
21PM,66981,Radboud Universiteit Nijmegen,natuur,n.v.t. (natuur),Artificial Intelligence,wo,master,21.0,6.0,21.0,10.0,26.0,10.0,23.0,18.0,29.0,16.0,27.0,31.0,36.0,41.0,45.0,9.0,3.0,8.0,4.0,13.0,11.0,15.0,4.0,19.0,10.0,12.0,12.0,24.0,19.0,29.0,['268'],Kunstmatige Intelligentie,Exact en Informatica,1.0,Artificial Intelligence,41.0,115.0,both,"artificial, intelligence",developer
21PM,56826,Radboud Universiteit Nijmegen,taal en cultuur,n.v.t. (taal en cultuur),Communicatie- en Informatiewetenschappen,wo,bachelor,17.0,87.0,42.0,85.0,42.0,130.0,46.0,144.0,41.0,134.0,104.0,127.0,172.0,190.0,175.0,13.0,87.0,9.0,75.0,23.0,78.0,16.0,76.0,11.0,48.0,100.0,84.0,101.0,92.0,59.0,['268'],Communicatie,Taal en Communicatie,1.0,Communication and Information Studies,164.0,464.0,both,information,growth
21PM,66826,Radboud Universiteit Nijmegen,taal en cultuur,n.v.t. (taal en cultuur),Communicatie- & Informatiewetenschappen,wo,master,27.0,89.0,16.0,80.0,21.0,71.0,27.0,75.0,17.0,76.0,116.0,96.0,92.0,102.0,93.0,22.0,89.0,23.0,68.0,18.0,86.0,19.0,67.0,25.0,85.0,111.0,91.0,104.0,86.0,110.0,['268'],Communicatie,Taal en Communicatie,1.0,Communication & Information Studies,88.0,0.0,both,information,growth
21PN,60057,Tilburg University,economie,n.v.t. (economie),Business Analytics and Operations Research,wo,master,22.0,8.0,20.0,12.0,32.0,9.0,31.0,11.0,20.0,16.0,30.0,32.0,41.0,42.0,36.0,16.0,6.0,17.0,5.0,20.0,6.0,24.0,14.0,30.0,13.0,22.0,22.0,26.0,38.0,43.0,"['796', '855', '344']",Econometrie,Economie en Bedrijf,1.0,Business Analytics and Operations Research,34.0,0.0,both,analytic,data
21PN,60063,Tilburg University,economie,n.v.t. (economie),Marketing Management,wo,master,78.0,59.0,114.0,100.0,136.0,129.0,104.0,103.0,114.0,108.0,137.0,214.0,265.0,207.0,222.0,131.0,95.0,105.0,78.0,106.0,92.0,113.0,105.0,101.0,106.0,226.0,183.0,198.0,218.0,207.0,"['796', '855', '344']",Bedrijfskunde,Economie en Bedrijf,1.0,Marketing Management,92.0,0.0,both,marketing,growth
21PN,60064,Tilburg University,economie,n.v.t. (economie),Marketing Analytics,wo,master,5.0,13.0,13.0,9.0,18.0,18.0,19.0,34.0,25.0,30.0,18.0,22.0,36.0,53.0,55.0,6.0,13.0,8.0,20.0,8.0,11.0,20.0,21.0,23.0,25.0,19.0,28.0,19.0,41.0,48.0,"['796', '855', '344']",Bedrijfskunde,Economie en Bedrijf,1.0,Marketing Analytics,41.0,0.0,both,"marketing, analytic",data
21PN,59338,Tilburg University,natuur,n.v.t. (natuur),Cognitive Science and Artificial Intelligence,wo,bachelor,0.0,0.0,0.0,0.0,0.0,0.0,0.0,0.0,71.0,45.0,0.0,0.0,0.0,0.0,116.0,,,,,,,,,,,,,,,,"['796', '855', '344']",Kunstmatige Intelligentie,Exact en Informatica,1.0,Cognitive Science and Artificial Intelligence,0.0,0.0,both,"artificial, intelligence",developer
21PN,60055,Tilburg University,natuur,n.v.t. (natuur),Information Management,wo,master,63.0,14.0,77.0,19.0,90.0,24.0,102.0,31.0,85.0,23.0,77.0,96.0,114.0,133.0,108.0,56.0,14.0,62.0,15.0,74.0,14.0,82.0,29.0,104.0,31.0,70.0,77.0,88.0,111.0,135.0,"['796', '855', '344']",Bedrijfskunde,Economie en Bedrijf,1.0,Information Management,71.0,0.0,both,information,data
21PN,60964,Tilburg University,sectoroverstijgend,sectoroverstijgend,Data Science and Society,wo,master,0.0,0.0,0.0,0.0,0.0,0.0,0.0,0.0,117.0,69.0,0.0,0.0,0.0,0.0,186.0,0.0,0.0,0.0,0.0,0.0,0.0,0.0,0.0,23.0,23.0,0.0,0.0,0.0,0.0,46.0,"['796', '855', '344']",Kunstmatige Intelligentie,Exact en Informatica,1.0,Data Science and Society,0.0,0.0,both,data,data
21PN,56826,Tilburg University,taal en cultuur,n.v.t. (taal en cultuur),Communicatie- en Informatiewetenschappen,wo,bachelor,32.0,94.0,39.0,126.0,82.0,173.0,136.0,201.0,110.0,217.0,126.0,165.0,255.0,337.0,327.0,33.0,62.0,18.0,53.0,22.0,34.0,10.0,55.0,13.0,36.0,95.0,71.0,56.0,65.0,49.0,"['796', '855', '344']",Communicatie,Taal en Communicatie,1.0,Communication and Information Sciences,238.0,587.0,both,information,growth
21PN,60834,Tilburg University,taal en cultuur,n.v.t. (taal en cultuur),Communicatie- & Informatiewetenschappen (research),wo,master,1.0,3.0,2.0,3.0,0.0,1.0,0.0,1.0,0.0,0.0,4.0,5.0,1.0,1.0,0.0,1.0,4.0,1.0,1.0,2.0,3.0,1.0,2.0,2.0,0.0,5.0,2.0,5.0,3.0,2.0,"['796', '855', '344']",,,1.0,Communicatie- & Informatiewetenschappen (research),1.0,1.0,left_only,,growth
21PN,66826,Tilburg University,taal en cultuur,n.v.t. (taal en cultuur),Communicatie- & Informatiewetenschappen,wo,master,70.0,129.0,67.0,172.0,100.0,164.0,125.0,224.0,106.0,206.0,199.0,239.0,264.0,349.0,312.0,55.0,121.0,60.0,128.0,71.0,159.0,82.0,147.0,119.0,200.0,176.0,188.0,230.0,229.0,319.0,"['796', '855', '344']",Communicatie,Taal en Communicatie,1.0,Communication and Information Sciences,246.0,0.0,both,information,growth
21PN,55018,Tilburg University,techniek,n.v.t. (techniek),Data Science (joint degree),wo,bachelor,0.0,0.0,0.0,0.0,26.0,9.0,25.0,13.0,21.0,20.0,0.0,0.0,35.0,38.0,41.0,0.0,0.0,0.0,0.0,0.0,0.0,0.0,0.0,4.0,1.0,0.0,0.0,0.0,0.0,5.0,"['796', '855', '344']",,,1.0,Data Science (joint degree),38.0,38.0,left_only,data,data
21PN,65018,Tilburg University,techniek,n.v.t. (techniek),Data Science and Entrepreneurship (joint degree),wo,master,0.0,0.0,6.0,1.0,15.0,6.0,36.0,9.0,33.0,11.0,0.0,7.0,21.0,45.0,44.0,0.0,0.0,0.0,0.0,0.0,0.0,5.0,2.0,16.0,4.0,0.0,0.0,0.0,7.0,20.0,"['796', '855', '344']",,,1.0,Data Science and Entrepreneurship (joint degree),45.0,45.0,left_only,data,data
27YA,60125,transnationale Universiteit Limburg,natuur,n.v.t. (natuur),Data Science for Decision Making,wo,master,5.0,1.0,15.0,4.0,19.0,5.0,28.0,7.0,26.0,14.0,6.0,19.0,24.0,35.0,40.0,6.0,4.0,13.0,0.0,2.0,0.0,11.0,3.0,14.0,3.0,10.0,13.0,2.0,14.0,17.0,['935'],Kunstmatige Intelligentie,Exact en Informatica,1.0,Data Science for Decision Making,31.0,64.0,both,data,data
27YA,66981,transnationale Universiteit Limburg,natuur,n.v.t. (natuur),Artificial Intelligence,wo,master,21.0,5.0,17.0,1.0,19.0,4.0,33.0,13.0,43.0,4.0,26.0,18.0,23.0,46.0,47.0,24.0,2.0,13.0,2.0,14.0,4.0,13.0,2.0,16.0,3.0,26.0,15.0,18.0,15.0,19.0,['935'],Kunstmatige Intelligentie,Exact en Informatica,1.0,Artificial Intelligence,30.0,88.0,both,"artificial, intelligence",developer
